,Orientation X,Orientation X,Orientation X,Orientation X,Orientation X,Orientation Y,Orientation Y,Orientation Y,Orientation Y,Orientation Y,Orientation Z,Orientation Z,Orientation Z,Orientation Z,Orientation Z,Orientation W,Orientation W,Orientation W,Orientation W,Orientation W,Accelerometer X,Accelerometer X,Accelerometer X,Accelerometer X,Accelerometer X,Accelerometer Y,Accelerometer Y,Accelerometer Y,Accelerometer Y,Accelerometer Y,Accelerometer Z,Accelerometer Z,Accelerometer Z,Accelerometer Z,Accelerometer Z,Gyroscope X,Gyroscope X,Gyroscope X,Gyroscope X,Gyroscope X,Gyroscope Y,Gyroscope Y,Gyroscope Y,Gyroscope Y,Gyroscope Y,Gyroscope Z,Gyroscope Z,Gyroscope Z,Gyroscope Z,Gyroscope Z,EMG1,EMG1,EMG1,EMG1,EMG1,EMG2,EMG2,EMG2,EMG2,EMG2,EMG3,EMG3,EMG3,EMG3,EMG3,EMG4,EMG4,EMG4,EMG4,EMG4,EMG5,EMG5,EMG5,EMG5,EMG5,EMG6,EMG6,EMG6,EMG6,EMG6,EMG7,EMG7,EMG7,EMG7,EMG7,EMG8,EMG8,EMG8,EMG8,EMG8,Roll,Roll,Roll,Roll,Roll,Yaw,Yaw,Yaw,Yaw,Yaw,Corr Acc X,Corr Acc Y,Corr Acc Z,Corr Acc X,Corr Acc X,Corr Acc Y
,mean,std,amin,amax,RMS,mean,std,amin,amax,RMS,mean,std,amin,amax,RMS,mean,std,amin,amax,RMS,mean,std,amin,amax,RMS,mean,std,amin,amax,RMS,mean,std,amin,amax,RMS,mean,std,amin,amax,RMS,mean,std,amin,amax,RMS,mean,std,amin,amax,RMS,mean,std,amin,amax,RMS,mean,std,amin,amax,RMS,mean,std,amin,amax,RMS,mean,std,amin,amax,RMS,mean,std,amin,amax,RMS,mean,std,amin,amax,RMS,mean,std,amin,amax,RMS,mean,std,amin,amax,RMS,mean,std,amin,amax,RMS,mean,std,amin,amax,RMS,Cor Roll,Cor Roll,Cor Roll,Corr Acc Y,Corr Acc Z,Corr Acc Z
0,0.775093678,0.037894128,0.693215339,0.82300885,0.775994436,0.649102884,0.024047697,0.609243697,0.693277311,0.649536155,0.681145431,0.023180556,0.626984127,0.714285714,0.6815291,0.219281137,0.015822242,0.190721649,0.24742268,0.219835835,0.444885158,0.073250703,0.249146758,0.633105802,0.450714379,0.675219523,0.059270115,0.567510549,0.784810127,0.677745828,0.275315315,0.054462793,0.173333333,0.407407407,0.280507667,0.374163235,0.114556781,0.199465949,0.605149469,0.390853808,0.415950685,0.052851478,0.306560383,0.5471774,0.419204911,0.515582827,0.094170652,0.290076555,0.657894737,0.523883655,0.558961947,0.134916797,0.253731343,0.880597015,0.574585972,0.649282095,0.10511908,0.328125,1,0.657509399,0.524924925,0.149103526,0.044444444,1,0.545139594,0.451635846,0.069904497,0.184210526,0.578947368,0.456869243,0.424864865,0.104806095,0.026666667,0.813333333,0.437261475,0.471698113,0.096310647,0.075471698,0.735849057,0.48116957,0.663104965,0.114406317,0.372093023,0.860465116,0.672639018,0.541854354,0.209311531,0,1,0.579856335,0.263097451,0.036779134,0.211805489,0.336757848,0.265586924,0.263862945,0.019017973,0.233624541,0.305369117,0.264528943,-0.121846099,-0.462111386,1,0.200803207,0.310712726,-0.095954439
1,0.870982767,0.078959297,0.669616519,0.961651917,0.874491951,0.851688044,0.102280522,0.705882353,1,0.857700587,0.549150654,0.083170376,0.44047619,0.71031746,0.555303877,0.402514017,0.111432218,0.211340206,0.546391753,0.417392895,0.510957428,0.107758288,0.220136519,0.890784983,0.522001557,0.60874232,0.092763683,0.407172996,0.786919831,0.615647096,0.434983756,0.107867198,0.254814815,0.619259259,0.447930878,0.354960655,0.137155258,0.169615527,0.672318347,0.380103412,0.347681877,0.059940917,0.222981973,0.513876628,0.352721657,0.537322757,0.149301589,0.225483254,0.794861244,0.557329023,0.565156673,0.132108255,0.189054726,0.815920398,0.580127977,0.621025219,0.149178154,0,0.9921875,0.63838548,0.513450292,0.145338152,0.066666667,0.977777778,0.533276475,0.465373961,0.100504256,0.184210526,1,0.475916817,0.427836257,0.068372495,0.24,0.72,0.43317046,0.467725919,0.07331286,0.264150943,0.660377358,0.473337106,0.645450836,0.108660793,0.325581395,0.860465116,0.654375127,0.524244639,0.137575153,0.236111111,0.881944444,0.541689315,0.104971784,0.094424581,0,0.293321799,0.140636609,0.427861973,0.100525148,0.257398701,0.561087714,0.439310695,-0.271000215,-0.197850384,1,0.070873987,0.294852845,-0.083198572
2,0.416180255,0.033361468,0.359882006,0.474926254,0.4174869,0.381995351,0.020599413,0.340336134,0.428571429,0.382538568,0.557244174,0.063722111,0.428571429,0.634920635,0.560798701,0.279776267,0.058275501,0.216494845,0.402061856,0.285654577,0.479667417,0.160820587,0.080204778,1,0.505365026,0.608178472,0.070731149,0.462025316,0.738396624,0.612190742,0.353128448,0.083347067,0.17037037,0.551111111,0.3626274,0.381752835,0.120158627,0.084123917,0.658076982,0.399832627,0.379020419,0.147835804,0.188380512,0.903691554,0.406259638,0.507661407,0.097300003,0.266746411,0.708133971,0.516706844,0.584100773,0.108155347,0.213930348,0.905472637,0.593820181,0.649767287,0.086035011,0.3984375,0.9296875,0.65531829,0.54893617,0.075844134,0.377777778,0.755555556,0.554040487,0.464165733,0.092052213,0.197368421,0.881578947,0.473014956,0.433758865,0.048222597,0.346666667,0.666666667,0.436374489,0.479727017,0.08563127,0,0.622641509,0.487149577,0.654626423,0.101714639,0.348837209,0.976744186,0.662315254,0.540927896,0.111377192,0.159722222,0.819444444,0.552036171,0.628981603,0.029330656,0.567389867,0.670758869,0.62965057,0.340334426,0.059347353,0.267734595,0.459846697,0.345361682,0.123952436,-0.65942617,1,-0.344055268,0.275583207,-0.492998975
3,0.51517067,0.021109653,0.466076696,0.545722714,0.515592695,0.347839136,0.060337839,0.281512605,0.470588235,0.352910806,0.648620559,0.055217171,0.591269841,0.765873016,0.650910879,0.19317624,0.047560749,0.097938144,0.25257732,0.198809523,0.460872745,0.072065091,0.319112628,0.656996587,0.466340447,0.715240104,0.069028311,0.573839662,0.862869198,0.718484422,0.284338624,0.063981155,0.14962963,0.404444444,0.291280921,0.340263542,0.081914195,0.169615527,0.508141024,0.349756276,0.358309721,0.062607511,0.24126475,0.461963988,0.363609998,0.473912281,0.060691884,0.374401914,0.608851675,0.477690959,0.584814025,0.102827601,0.343283582,0.965174129,0.593573255,0.649739583,0.063232104,0.4765625,0.796875,0.652736262,0.542857143,0.116678188,0.222222222,1,0.554962647,0.464598997,0.039257871,0.394736842,0.552631579,0.466215309,0.433333333,0.09579789,0.226666667,0.813333333,0.443549893,0.476190476,0.052183526,0.358490566,0.641509434,0.478973542,0.656699889,0.050797833,0.511627907,0.76744186,0.658615006,0.535218254,0.058048587,0.319444444,0.673611111,0.538282443,0.569351922,0.037673014,0.503064266,0.631401148,0.570567328,0.257433953,0.052766582,0.147438815,0.317090095,0.262659969,-0.175175135,0.085666408,1,0.028435724,0.099179065,-0.44007383
4,0.672636606,0.027790604,0.587020649,0.696165192,0.673196801,0.773309324,0.019420462,0.743697479,0.802521008,0.773547338,0.778344671,0.05351007,0.69047619,0.853174603,0.78013818,0.152675503,0.045295522,0.087628866,0.221649485,0.159099478,0.406427759,0.057793461,0.274744027,0.532423208,0.410419397,0.472925457,0.047488456,0.364978903,0.573839662,0.475247249,0.236296296,0.058810632,0.14962963,0.365925926,0.243335736,0.386317445,0.06806223,0.287649523,0.518311877,0.392126687,0.359701078,0.041382368,0.28110031,0.472411289,0.362017392,0.52482046,0.056631014,0.455148325,0.659684211,0.527794684,0.559938403,0.066287267,0.432835821,0.701492537,0.563755619,0.630766369,0.039387351,0.5,0.703125,0.631965694,0.532275132,0.047064348,0.422222222,0.644444444,0.53430247,0.463659148,0.01714583,0.434210526,0.5,0.463968518,0.428571429,0.013356542,0.4,0.453333333,0.428774555,0.47933513,0.022847477,0.433962264,0.528301887,0.479866383,0.657807309,0.034181132,0.604651163,0.744186047,0.658673658,0.537533069,0.027567784,0.472222222,0.638888889,0.538222712,0.304226536,0.030951473,0.27329566,0.387274232,0.30575966,0.192608446,0.051403124,0.1161311,0.270303901,0.199191825,-0.278747335,-0.54716357,1,0.062031732,0.324166622,0.153222962
5,0.86171667,0.054289289,0.784660767,0.94100295,0.863383496,0.81379381,0.046716558,0.739495798,0.882352941,0.815100958,0.351626016,0.073978291,0.25,0.476190476,0.35913808,0.579834046,0.081274472,0.432989691,0.690721649,0.585364801,0.557853992,0.116722679,0.266211604,0.798634812,0.569642838,0.678913245,0.075069949,0.510548523,0.816455696,0.682950394,0.599783198,0.098444729,0.428148148,0.791111111,0.607614083,0.437866644,0.144940452,0.246944402,0.694027745,0.460676186,0.395149675,0.167362479,0.166827729,0.828925443,0.42833432,0.481269926,0.106783592,0.217703349,0.615435407,0.492691955,0.574566193,0.095479118,0.338308458,0.835820896,0.582254433,0.632621951,0.108119014,0.296875,0.8359375,0.641572396,0.530081301,0.088688799,0.266666667,0.688888889,0.537270921,0.464056483,0.098025185,0,0.763157895,0.474049567,0.431219512,0.02505279,0.373333333,0.52,0.431928931,0.482282559,0.070224273,0.132075472,0.58490566,0.487244944,0.672149745,0.111991278,0.465116279,1,0.681191179,0.545392954,0.084427104,0.368055556,0.777777778,0.551731418,0.11799441,0.048273233,0.047152355,0.189094658,0.127264092,0.605194183,0.078516499,0.470694344,0.716426069,0.610142998,-0.098748992,-0.456280737,1,-0.005575283,0.276021211,-0.553552588
6,0.471407131,0.023608291,0.421828909,0.504424779,0.47198756,0.383827215,0.017260004,0.348739496,0.420168067,0.384208293,0.289264829,0.066977918,0.162698413,0.444444444,0.296785242,0.536444203,0.071064215,0.381443299,0.675257732,0.541048895,0.561672954,0.100322181,0.28668942,0.796928328,0.57040729,0.66577837,0.059208739,0.529535865,0.797468354,0.66835994,0.59539961,0.078231824,0.45037037,0.728888889,0.600427799,0.406901341,0.107211785,0.177756551,0.639081258,0.420548942,0.34414794,0.092043985,0.218416503,0.697686445,0.356035485,0.479581466,0.08308965,0.338516746,0.655502392,0.486601635,0.589683163,0.065660773,0.422885572,0.766169154,0.593263797,0.648985746,0.033435689,0.5703125,0.7578125,0.649831386,0.539181287,0.081165052,0.288888889,0.755555556,0.545150118,0.462373038,0.042740639,0.25,0.565789474,0.464309746,0.42877193,0.015489776,0.4,0.466666667,0.429046724,0.477325389,0.016711285,0.452830189,0.509433962,0.477612704,0.653202774,0.029573934,0.604651163,0.744186047,0.653860182,0.537402534,0.029948492,0.458333333,0.631944444,0.538221758,0.573542074,0.021108157,0.540349961,0.620720073,0.573923556,0.599334387,0.066655063,0.446540327,0.726826232,0.602964891,-0.118880405,-0.649026947,1,0.060115702,0.107322697,-0.165864489
7,0.461441214,0.02572901,0.430678466,0.501474926,0.462137492,0.325090036,0.074989637,0.214285714,0.424369748,0.333386123,0.570634921,0.017923158,0.531746032,0.607142857,0.570908289,0.259793814,0.016213874,0.226804124,0.288659794,0.260284853,0.483276451,0.06214703,0.33447099,0.619453925,0.487142721,0.684086799,0.06339931,0.571729958,0.837552743,0.686934771,0.340571429,0.043227749,0.24,0.435555556,0.343226087,0.411360838,0.218237689,0,0.658749973,0.464203228,0.372166599,0.057985581,0.251388185,0.498205676,0.3765292,0.482075188,0.080850777,0.369617225,0.645330144,0.488616995,0.553802416,0.142505587,0.074626866,0.950248756,0.571335921,0.639285714,0.08916656,0.4375,0.875,0.645298177,0.558095238,0.136324981,0.177777778,0.977777778,0.574041644,0.470300752,0.063211315,0.315789474,0.631578947,0.474409428,0.437333333,0.093322128,0.226666667,0.72,0.446901147,0.486792453,0.071011373,0.320754717,0.698113208,0.491798162,0.660465116,0.076758694,0.372093023,0.76744186,0.66478397,0.521825397,0.120105979,0.166666667,0.902777778,0.535084138,0.615945539,0.039781267,0.551300702,0.673633105,0.617192223,0.327058624,0.017865536,0.293423291,0.362577626,0.327532291,-0.117848825,-0.549466441,1,0.086272485,0.153525033,-0.112499652
8,0.774159292,0.04251064,0.687315634,0.879056047,0.775302277,0.726638655,0.079478725,0.609243697,0.861344538,0.730885946,0.838809524,0.05300311,0.76984127,0.928571429,0.840449023,0.110824742,0.051675097,0.025773196,0.170103093,0.122061594,0.37778157,0.082355464,0.16552901,0.539249147,0.386478575,0.566329114,0.102060268,0.324894515,0.801687764,0.575270925,0.18077037,0.062511289,0.054814815,0.325925926,0.191069189,0.318346395,0.145807792,0.075982893,0.683173046,0.34954133,0.383331018,0.068623488,0.245840668,0.552071961,0.389304082,0.514151196,0.104937662,0.302631579,0.74462201,0.524540873,0.568258706,0.075580531,0.358208955,0.686567164,0.573163263,0.6390625,0.059894678,0.515625,0.828125,0.641807217,0.532,0.092599425,0.311111111,0.777777778,0.53983994,0.47,0.040054799,0.328947368,0.578947368,0.471669693,0.442133333,0.095175599,0.16,1,0.45206096,0.477735849,0.06257086,0.245283019,0.773584906,0.481734732,0.656744186,0.050725142,0.488372093,0.813953488,0.658661146,0.536111111,0.032177132,0.430555556,0.611111111,0.537056593,0.244101673,0.060409781,0.114217134,0.338652381,0.251320476,0.136906032,0.053639721,0.045612985,0.201140874,0.14684324,-0.209191318,0.196159274,1,0.2996593,0.16546839,-0.104921844
9,0.828346678,0.053297773,0.764011799,0.943952802,0.830018817,0.737094838,0.056188935,0.672268908,0.878151261,0.739182539,0.210600907,0.077620156,0.067460317,0.361111111,0.224129831,0.708271969,0.092944427,0.56185567,0.902061856,0.714200368,0.584796034,0.117331084,0.322525597,0.860068259,0.596175485,0.740958409,0.079657371,0.53164557,0.902953586,0.745126554,0.71622575,0.104072233,0.512592593,0.933333333,0.723569259,0.41905806,0.123262712,0.198098257,0.639081258,0.43639615,0.313317797,0.132389795,0.144627214,0.63075581,0.339525829,0.39940761,0.098370545,0.195569378,0.546057416,0.411063017,0.577232883,0.04829176,0.452736318,0.691542289,0.579201493,0.641927083,0.042578664,0.5703125,0.7890625,0.643304094,0.528571429,0.049456112,0.377777778,0.644444444,0.530825231,0.462406015,0.017332457,0.434210526,0.5,0.46272301,0.431111111,0.013387424,0.4,0.453333333,0.431313976,0.478436658,0.021175678,0.452830189,0.509433962,0.478893901,0.660575858,0.024124187,0.627906977,0.744186047,0.661005737,0.536541005,0.014145622,0.506944444,0.569444444,0.536723006,0.1688107,0.033098791,0.113850071,0.214009288,0.171949116,0.728683631,0.088768817,0.569910899,0.905731554,0.733942859,-0.08581931,-0.273557691,1,-0.055630365,0.106351429,-0.737439304
10,0.547094738,0.069315852,0.451327434,0.634218289,0.551367031,0.444889584,0.051949344,0.344537815,0.525210084,0.447842288,0.426541159,0.058374981,0.333333333,0.535714286,0.430425082,0.402301606,0.060112417,0.293814433,0.5,0.406664543,0.53397095,0.101187361,0.226962457,0.800341297,0.543254769,0.676282995,0.097270341,0.495780591,0.858649789,0.683081381,0.476968131,0.054945222,0.376296296,0.617777778,0.480049338,0.449464056,0.131147933,0.251025769,0.7313462,0.467779566,0.380779711,0.112139418,0.215475587,0.617696684,0.39658037,0.406267052,0.072459006,0.208736842,0.531703349,0.412530151,0.57965984,0.036629958,0.512437811,0.68159204,0.580789188,0.63880814,0.064080582,0.5234375,0.8671875,0.641939767,0.54625323,0.075161212,0.4,0.733333333,0.551280711,0.464810282,0.017866918,0.434210526,0.5,0.465145569,0.430387597,0.013747714,0.4,0.453333333,0.430602006,0.478279947,0.02094729,0.433962264,0.528301887,0.478727785,0.660897783,0.030965873,0.604651163,0.720930233,0.661605974,0.535852713,0.012211003,0.506944444,0.5625,0.535988592,0.500670329,0.05419187,0.441636682,0.58821069,0.503526802,0.471441439,0.060250506,0.36160314,0.569544153,0.47518705,-0.051854381,-0.7906784,1,0.043494747,0.267458944,0.311212793
11,0.342493402,0.044286515,0.259587021,0.398230088,0.345270057,0.413754976,0.130910678,0.193277311,0.542016807,0.433451031,0.53091061,0.080552876,0.46031746,0.73015873,0.536827798,0.318909387,0.085081482,0.128865979,0.396907216,0.329775013,0.476109215,0.082734426,0.293515358,0.648464164,0.483057801,0.534365978,0.13160659,0.324894515,0.765822785,0.549919536,0.388615984,0.089965522,0.186666667,0.517037037,0.398626622,0.34965842,0.13609458,0.149935957,0.635683737,0.374560184,0.328582881,0.082221604,0.201763504,0.476987207,0.338451174,0.355593553,0.125294614,0.098688995,0.686602871,0.376473625,0.578292747,0.050105425,0.467661692,0.696517413,0.580402436,0.641447368,0.05612521,0.546875,0.7890625,0.643833728,0.532163743,0.07026284,0.4,0.688888889,0.536661158,0.46468144,0.014382964,0.434210526,0.486842105,0.464898125,0.430877193,0.013899774,0.4,0.466666667,0.431095436,0.479145978,0.02035897,0.433962264,0.528301887,0.479566938,0.658506732,0.032935438,0.558139535,0.720930233,0.659308208,0.536915205,0.01739713,0.506944444,0.597222222,0.537189568,0.669222121,0.026322241,0.638768315,0.720309737,0.66972597,0.366782598,0.079106896,0.177309279,0.438160764,0.374996924,0.074253635,0.744851972,1,0.28177092,-0.128141214,-0.801954782
12,0.896356534,0.021159605,0.861356932,0.926253687,0.8965995,0.672155349,0.043883449,0.605042017,0.722689076,0.673547713,0.907764908,0.018878896,0.880952381,0.936507937,0.907955895,0.073279465,0.012338584,0.051546392,0.087628866,0.074283282,0.364080804,0.063743307,0.264505119,0.598976109,0.369470195,0.688276884,0.076976768,0.548523207,0.860759494,0.692452414,0.113993994,0.034216817,0.051851852,0.213333333,0.118885568,0.393288334,0.052341708,0.249658077,0.451837701,0.396662733,0.38947073,0.054135409,0.20959898,0.463269901,0.393114341,0.451474977,0.083301961,0.316392344,0.577751196,0.458891409,0.581417238,0.04042086,0.427860697,0.646766169,0.582782715,0.641680743,0.036045005,0.546875,0.734375,0.642665001,0.538138138,0.041946839,0.444444444,0.644444444,0.539726447,0.464438122,0.013822703,0.434210526,0.486842105,0.464638217,0.428828829,0.013882581,0.4,0.466666667,0.429047412,0.475267721,0.019302049,0.433962264,0.509433962,0.475648931,0.655562539,0.023790897,0.604651163,0.697674419,0.655982433,0.537162162,0.012272472,0.513888889,0.5625,0.53729855,0.168062745,0.006257846,0.157736304,0.17986019,0.168176064,0.07089848,0.01341926,0.040672088,0.088095775,0.072123534,-0.274102393,-0.353372595,1,0.250643264,0.210465371,-0.107704414
13,0.862340216,0.026046532,0.82300885,0.920353982,0.862723406,0.745098039,0.075435479,0.630252101,0.840336134,0.748809514,0.298433048,0.106678421,0.170634921,0.456349206,0.316466061,0.622521808,0.127142361,0.43814433,0.778350515,0.635046526,0.561958519,0.197752416,0,0.940273038,0.594895518,0.733203505,0.060860589,0.635021097,0.835443038,0.735660531,0.636353276,0.139459789,0.438518519,0.933333333,0.651072832,0.458077204,0.091503768,0.284935849,0.641794933,0.466897177,0.433093943,0.198390588,0.161604079,1,0.475310412,0.478147221,0.100383457,0.285291866,0.672248804,0.488306485,0.576349024,0.09026612,0.333333333,0.776119403,0.58319572,0.638822115,0.062768275,0.453125,0.7734375,0.641819702,0.54017094,0.076667742,0.4,0.755555556,0.545446488,0.454116059,0.082551161,0.157894737,0.631578947,0.461369,0.432136752,0.030237725,0.386666667,0.56,0.433166306,0.476536043,0.041000297,0.396226415,0.603773585,0.478251525,0.660107335,0.137439943,0.348837209,0.906976744,0.673904354,0.532229345,0.100451375,0.277777778,0.791666667,0.541386945,0.144270193,0.032126112,0.103536954,0.186659566,0.147714291,0.644136992,0.118540636,0.471020252,0.789758433,0.654678579,-0.115156835,0.08344716,1,0.064869132,0.394033255,-0.479579394
14,0.468624296,0.037158617,0.401179941,0.525073746,0.470061818,0.297459893,0.045674122,0.222689076,0.378151261,0.300867249,0.206619769,0.093966056,0.05952381,0.321428571,0.226540671,0.62230553,0.109810858,0.494845361,0.793814433,0.63170289,0.575007757,0.097947112,0.349829352,0.730375427,0.583103353,0.723580744,0.101689625,0.53164557,0.888185654,0.73053053,0.672188552,0.107838507,0.497777778,0.88,0.680589667,0.442596405,0.127354839,0.208279964,0.724551158,0.460154553,0.403682769,0.187222374,0.096966626,0.854066873,0.444089354,0.481935407,0.147783435,0.2075311,0.796650718,0.503592412,0.581750339,0.047434157,0.44278607,0.731343284,0.583637148,0.638316761,0.044373015,0.4765625,0.7421875,0.639822243,0.528282828,0.054192824,0.422222222,0.688888889,0.530992337,0.460526316,0.015281507,0.434210526,0.5,0.460774028,0.428484848,0.01537565,0.4,0.453333333,0.428754362,0.473842196,0.020024205,0.41509434,0.528301887,0.474255503,0.662262156,0.02723577,0.604651163,0.720930233,0.662809243,0.539299242,0.012965353,0.506944444,0.583333333,0.53945153,0.606887517,0.021526998,0.574523223,0.660729133,0.607260519,0.678651847,0.097094901,0.561164792,0.83308779,0.685406076,0.245949745,-0.331087393,1,0.125466973,-0.069559208,-0.566988989
15,0.308702065,0.010926611,0.283185841,0.321533923,0.308890548,0.16144958,0.015190778,0.142857143,0.222689076,0.162144866,0.651388889,0.04236507,0.603174603,0.742063492,0.652730736,0.202963918,0.035630023,0.128865979,0.242268041,0.205990565,0.451706485,0.088366352,0.278156997,0.619453925,0.460056676,0.691033755,0.086609241,0.495780591,0.829113924,0.696305452,0.267703704,0.050753473,0.16,0.36,0.272354163,0.426781799,0.088153211,0.264594143,0.729978508,0.435567925,0.396727905,0.104450321,0.251388185,0.63042672,0.409914813,0.479336124,0.075384934,0.318784689,0.651913876,0.485081371,0.585447761,0.059960186,0.407960199,0.706467662,0.588433874,0.650976563,0.085807877,0.46875,0.8203125,0.656467365,0.538888889,0.081416706,0.4,0.733333333,0.544852455,0.462171053,0.016097838,0.421052632,0.5,0.462444314,0.429,0.013122261,0.4,0.453333333,0.42919563,0.475943396,0.018371555,0.41509434,0.509433962,0.47628898,0.659883721,0.035205237,0.604651163,0.790697674,0.66079872,0.536979167,0.014099849,0.513888889,0.569444444,0.537159623,0.794014178,0.007538887,0.778922255,0.810948775,0.794049072,0.247739663,0.038456354,0.165681428,0.292269764,0.250632918,-0.05226102,-0.374936843,1,0.015096415,0.154849082,-0.296470313
16,0.552296671,0.027159436,0.507374631,0.607669617,0.552944999,0.678631453,0.029259038,0.638655462,0.731092437,0.679243903,0.737301587,0.026651156,0.69047619,0.777777778,0.737769355,0.159793814,0.020002938,0.12371134,0.195876289,0.161005431,0.405411994,0.084365509,0.162116041,0.537542662,0.413851502,0.468957203,0.052848173,0.35021097,0.554852321,0.471841064,0.242793651,0.042517063,0.165925926,0.327407407,0.246383459,0.454003678,0.092773652,0.289017216,0.595662462,0.463120262,0.376811469,0.062488979,0.261835486,0.536077143,0.381811718,0.489457553,0.103026544,0.297253589,0.628583732,0.49987988,0.57938877,0.066577313,0.422885572,0.726368159,0.583092824,0.642410714,0.05753753,0.546875,0.84375,0.644908913,0.53968254,0.062290212,0.444444444,0.8,0.543163378,0.466541353,0.01439355,0.447368421,0.5,0.466756992,0.430095238,0.013467116,0.4,0.453333333,0.430300006,0.478706199,0.01835354,0.433962264,0.509433962,0.479047861,0.65448505,0.024024808,0.604651163,0.697674419,0.654913262,0.538095238,0.015099546,0.5,0.569444444,0.538301001,0.429621739,0.027857392,0.372619036,0.472451951,0.430498201,0.207990063,0.023898277,0.167386466,0.249709204,0.209319555,-0.305788327,-0.03097063,1,0.169457808,0.081722116,0.12548151
17,0.847322785,0.029239556,0.796460177,0.899705015,0.847811858,0.815889992,0.099276958,0.693277311,0.962184874,0.821726067,0.265031265,0.043376637,0.202380952,0.353174603,0.268451277,0.669478288,0.057280277,0.556701031,0.742268041,0.671850268,0.570327852,0.130773657,0.305460751,0.817406143,0.584685705,0.688339087,0.127920442,0.495780591,1,0.699770298,0.676004489,0.097767595,0.426666667,0.834074074,0.682825688,0.502446254,0.131300095,0.314786271,0.786965677,0.518815514,0.389834554,0.167243344,0.057460157,0.784853503,0.423194672,0.519972742,0.164056087,0.272727273,0.786478469,0.544491014,0.570782451,0.039709019,0.487562189,0.63681592,0.572120294,0.643465909,0.023503989,0.6015625,0.6875,0.643882034,0.541414141,0.030336682,0.488888889,0.6,0.542237677,0.464513557,0.013355769,0.434210526,0.486842105,0.464699705,0.429494949,0.015901634,0.386666667,0.453333333,0.429780306,0.480274443,0.02166266,0.433962264,0.528301887,0.480747949,0.653981677,0.023800011,0.581395349,0.697674419,0.65440149,0.533459596,0.01498039,0.5,0.569444444,0.53366352,0.123138738,0.0319882,0.046844278,0.163391367,0.12710384,0.691111009,0.05655529,0.578694334,0.752198556,0.693351284,0.116703075,0.600967275,1,-0.437764816,0.442851357,-0.769813264
18,0.287463127,0.02564628,0.230088496,0.324483776,0.288576398,0.476890756,0.03774923,0.415966387,0.525210084,0.478345244,0.361706349,0.034437096,0.305555556,0.420634921,0.363301182,0.492010309,0.038766704,0.422680412,0.551546392,0.493497143,0.518984642,0.121284027,0.279863481,0.784982935,0.532622876,0.425421941,0.095406832,0.232067511,0.603375527,0.435727816,0.533814815,0.078754604,0.343703704,0.72,0.539449244,0.419980244,0.105264901,0.22591885,0.599049128,0.432651231,0.399192815,0.121039728,0.139079697,0.690498702,0.416700437,0.496188038,0.145945767,0.282296651,0.852870813,0.516691622,0.579228856,0.026682377,0.537313433,0.656716418,0.579827748,0.652929688,0.052894943,0.5390625,0.8515625,0.655015347,0.54,0.056532717,0.422222222,0.644444444,0.542877564,0.465460526,0.016773091,0.434210526,0.486842105,0.465755091,0.431,0.010627063,0.413333333,0.453333333,0.43112772,0.473584906,0.015872538,0.452830189,0.509433962,0.473844175,0.656395349,0.028597839,0.581395349,0.697674419,0.657002469,0.537847222,0.01144335,0.5,0.5625,0.537965901,0.673510995,0.020493998,0.640090202,0.707283098,0.673814933,0.52956398,0.036147703,0.468522903,0.587244281,0.530765484,-0.159602775,0.063432736,1,0.146492055,-0.184682133,-0.430448865
19,0.543058331,0.046275122,0.471976401,0.616519174,0.54496299,0.472214692,0.009499728,0.449579832,0.487394958,0.472307156,0.856118792,0.042714437,0.785714286,0.916666667,0.857149376,0.041569671,0.030782461,0,0.092783505,0.051429865,0.360508643,0.099346105,0.208191126,0.605802048,0.373520755,0.641214101,0.087142014,0.47257384,0.767932489,0.646919079,0.120286738,0.043101385,0.060740741,0.232592593,0.127540982,0.434851147,0.157467551,0.246944402,0.761869613,0.461618541,0.410087746,0.08578451,0.276524392,0.576560435,0.418680731,0.447407316,0.196388808,0.061598086,0.758976077,0.487337381,0.578879795,0.070529279,0.427860697,0.771144279,0.583022926,0.643649194,0.098236348,0.453125,0.96875,0.650863551,0.512544803,0.119109934,0.288888889,0.933333333,0.525767725,0.463921902,0.015923315,0.447368421,0.513157895,0.464186281,0.431827957,0.014474466,0.4,0.453333333,0.432062653,0.477175898,0.014771346,0.452830189,0.509433962,0.477397101,0.657164291,0.028143534,0.604651163,0.720930233,0.657747226,0.533602151,0.014904615,0.506944444,0.569444444,0.533803556,0.514564266,0.035846224,0.458620203,0.573639165,0.515771156,0.079080683,0.035851963,0.028810327,0.137913716,0.086588997,-0.621753789,-0.711866067,1,0.570440285,-0.5441362,-0.536445475
20,0.678545802,0.06089414,0.587020649,0.749262537,0.681199151,0.635362253,0.024220686,0.588235294,0.663865546,0.635811276,0.532496782,0.063628586,0.428571429,0.634920635,0.536182804,0.334912232,0.055841746,0.242268041,0.427835052,0.339411587,0.493912001,0.087448473,0.313993174,0.646757679,0.501387692,0.616090774,0.106192526,0.373417722,0.831223629,0.624931928,0.405245245,0.082324553,0.242962963,0.558518519,0.413301185,0.40962407,0.117797404,0.219134663,0.612617502,0.425785243,0.396097425,0.129161264,0.182174815,0.641856068,0.416082828,0.490268201,0.154738194,0.282296651,0.796650718,0.513478028,0.569450047,0.078019393,0.407960199,0.721393035,0.57462672,0.643581081,0.043355713,0.53125,0.7265625,0.645000405,0.538138138,0.046594634,0.377777778,0.622222222,0.540097249,0.463726885,0.055686678,0.276315789,0.671052632,0.466968756,0.429189189,0.021962446,0.373333333,0.466666667,0.429735585,0.478327384,0.025630847,0.41509434,0.528301887,0.478995064,0.65681961,0.03440909,0.558139535,0.720930233,0.657695968,0.536036036,0.026129627,0.472222222,0.597222222,0.536655324,0.333998333,0.040954685,0.2795801,0.400660622,0.33643252,0.396067503,0.060582139,0.297262459,0.496698395,0.400550206,0.027255544,-0.823813631,1,-0.003536889,0.243598122,-0.757530492
21,0.964509587,0.033862095,0.914454277,1,0.965085257,0.820246849,0.042189053,0.74789916,0.886554622,0.821297258,0.402901786,0.043539918,0.341269841,0.476190476,0.405174446,0.555895619,0.044169697,0.479381443,0.608247423,0.557592982,0.545275171,0.087381329,0.332764505,0.711604096,0.552016213,0.757449895,0.078090305,0.584388186,0.869198312,0.761339525,0.563101852,0.088861294,0.419259259,0.764444444,0.569853722,0.441401247,0.14820443,0.145192454,0.746944402,0.464879792,0.380990221,0.101883153,0.267059137,0.594843212,0.393966173,0.471796651,0.107271354,0.281100478,0.659090909,0.48346626,0.576492537,0.05510802,0.472636816,0.71641791,0.579038545,0.635253906,0.070366733,0.4765625,0.765625,0.639018207,0.528472222,0.079170204,0.355555556,0.688888889,0.534186239,0.461348684,0.022403972,0.407894737,0.513157895,0.461875374,0.43,0.014762153,0.4,0.466666667,0.430245408,0.479363208,0.020812389,0.433962264,0.509433962,0.479800692,0.669331395,0.033796188,0.627906977,0.744186047,0.670157449,0.537543403,0.014848081,0.5,0.5625,0.537742025,0.043064474,0.030568975,0.013382638,0.106047846,0.052533886,0.558091932,0.046854134,0.480172073,0.620889085,0.559994027,-0.171298494,-0.067742873,1,-0.533927514,0.409466943,-0.746200157
22,0.375403849,0.032608618,0.324483776,0.418879056,0.37678383,0.212184874,0.030585178,0.172268908,0.260504202,0.214325923,0.392290249,0.153796165,0.194444444,0.611111111,0.420691963,0.436671576,0.155129913,0.226804124,0.639175258,0.462789771,0.533357712,0.158927894,0.23890785,0.802047782,0.555992033,0.711472775,0.076116144,0.567510549,0.869198312,0.715436393,0.495626102,0.151446995,0.275555556,0.733333333,0.517721282,0.397203416,0.110428702,0.228632525,0.698098257,0.411915898,0.42449922,0.224920655,0,0.822072013,0.479149644,0.498704033,0.09765559,0.175244019,0.653712919,0.50795203,0.574982232,0.065646107,0.437810945,0.71641791,0.578628873,0.641927083,0.081041534,0.4375,0.921875,0.646901643,0.528042328,0.069029409,0.377777778,0.688888889,0.532428686,0.458646617,0.015803222,0.434210526,0.5,0.458912317,0.42952381,0.022912245,0.346666667,0.506666667,0.430119954,0.469901168,0.019902394,0.433962264,0.509433962,0.47031243,0.65227021,0.039437129,0.581395349,0.76744186,0.653432999,0.53587963,0.015859273,0.5,0.5625,0.536108669,0.714446405,0.02435975,0.669410461,0.75480343,0.714851687,0.493785341,0.148222329,0.285332044,0.686726286,0.515044396,-0.045796976,-0.392714815,1,-0.160523985,0.483127819,-0.548562281
23,0.278916317,0.038355425,0.194690265,0.324483776,0.281472444,0.306722689,0.010104831,0.285714286,0.331932773,0.306884715,0.592940685,0.01388909,0.571428571,0.619047619,0.593099053,0.262072708,0.017012898,0.231958763,0.288659794,0.262609836,0.445976289,0.092138449,0.233788396,0.648464164,0.455149356,0.570841661,0.085517632,0.41350211,0.765822785,0.57704507,0.321637427,0.056061667,0.157037037,0.445925926,0.32635998,0.451742579,0.066891621,0.289017216,0.616004168,0.456539261,0.386145861,0.062164687,0.270976875,0.569377915,0.390987696,0.425254848,0.108026484,0.217100478,0.640545455,0.438411118,0.579471066,0.10945724,0.243781095,0.791044776,0.58945086,0.643708882,0.074946742,0.453125,0.828125,0.647943147,0.540350877,0.072535521,0.422222222,0.733333333,0.545070651,0.466412742,0.024795595,0.421052632,0.526315789,0.467054053,0.429473684,0.017579102,0.4,0.48,0.429823845,0.472691162,0.0442921,0.396226415,0.58490566,0.474707382,0.64626683,0.08273706,0.418604651,0.837209302,0.651403173,0.527960526,0.093413809,0.243055556,0.75,0.53594666,0.763428392,0.029494808,0.735603899,0.828289876,0.763982958,0.299448473,0.012322389,0.276050374,0.31878892,0.299695235,-0.344536597,-0.467678183,1,0.261270012,-0.19949441,-0.336644431
24,0.620943953,0.027007559,0.572271386,0.666666667,0.621515572,0.703892083,0.016968809,0.676470588,0.731092437,0.704091207,0.762949039,0.027918139,0.714285714,0.805555556,0.763446231,0.14663592,0.022442884,0.118556701,0.190721649,0.148298756,0.399811389,0.065262488,0.244027304,0.513651877,0.40496451,0.523872974,0.088854476,0.373417722,0.689873418,0.53115934,0.214658869,0.039557542,0.122962963,0.322962963,0.218178941,0.441906508,0.106108365,0.238130387,0.653995615,0.454141011,0.379668535,0.051133293,0.288935786,0.470457644,0.383006533,0.455851675,0.082436386,0.363636364,0.64354067,0.463052558,0.564938466,0.093825532,0.36318408,0.875621891,0.572474485,0.630962171,0.085164951,0.3671875,0.765625,0.636533943,0.528654971,0.133948321,0.133333333,0.844444444,0.544927581,0.462603878,0.045531631,0.276315789,0.539473684,0.464780509,0.434736842,0.04955436,0.32,0.64,0.437478153,0.491559086,0.112947804,0.264150943,1,0.50403554,0.659730722,0.066752596,0.534883721,0.813953488,0.663010765,0.54130117,0.090701928,0.361111111,0.819444444,0.548650435,0.368568581,0.024783216,0.328756756,0.415448768,0.369378997,0.19211524,0.025493373,0.156451786,0.238815797,0.193755192,-0.354258674,-0.660130265,1,0.057075959,-0.243809403,-0.330182734
25,0.831177672,0.083248859,0.728613569,0.973451327,0.835229904,0.789700496,0.052849031,0.739495798,0.899159664,0.791421681,0.368945869,0.063801247,0.277777778,0.472222222,0.374282352,0.55035686,0.059204128,0.479381443,0.639175258,0.553450925,0.54712523,0.11640665,0.324232082,0.965870307,0.559060888,0.658390133,0.11940707,0.331223629,0.805907173,0.668857253,0.578233618,0.107314555,0.419259259,0.871111111,0.587856478,0.480708973,0.107166893,0.294444565,0.757115255,0.492210706,0.373047276,0.1294759,0.182498681,0.768205728,0.394332895,0.416973377,0.167538186,0.15430622,0.711722488,0.448571201,0.577879832,0.049231885,0.482587065,0.691542289,0.579919589,0.64463141,0.053013373,0.5390625,0.84375,0.646751893,0.53960114,0.070448063,0.4,0.711111111,0.544063475,0.464574899,0.037112414,0.368421053,0.539473684,0.466017008,0.431452991,0.020630343,0.386666667,0.466666667,0.431933307,0.476536043,0.028291275,0.396226415,0.547169811,0.477353614,0.656529517,0.04148531,0.558139535,0.744186047,0.657805373,0.535612536,0.027877174,0.493055556,0.604166667,0.536318934,0.150152202,0.046224772,0.061640917,0.214372977,0.156931913,0.582651323,0.069775911,0.47998557,0.682578803,0.586708108,0.104666665,-0.460158637,1,-0.304812598,0.192203304,-0.721369098
26,0.46569851,0.107049851,0.306784661,0.607669617,0.477536318,0.400775695,0.063316556,0.222689076,0.445378151,0.40561971,0.338420838,0.197306752,0.182539683,0.825396825,0.390461796,0.501718213,0.189553451,0.046391753,0.654639175,0.53547211,0.516408506,0.071860949,0.358361775,0.619453925,0.521257452,0.659904793,0.169196526,0.35443038,0.932489451,0.680711218,0.525014245,0.152424297,0.167407407,0.755555556,0.546147784,0.549384149,0.146395213,0.327008662,0.789679352,0.568071276,0.542297305,0.181392289,0.230817449,0.818807232,0.571091813,0.475325482,0.259942326,0.186602871,1,0.540159015,0.554535017,0.195344197,0,0.895522388,0.587103054,0.62119391,0.142281361,0.0703125,0.828125,0.636872659,0.524786325,0.143167127,0,0.8,0.543481327,0.455465587,0.060569612,0.302631579,0.618421053,0.459372953,0.424615385,0.124873305,0,0.706666667,0.442144476,0.481857765,0.08014879,0.226415094,0.603773585,0.488309349,0.673225999,0.161381267,0.302325581,0.930232558,0.691815992,0.525819088,0.14243418,0.236111111,0.791666667,0.544291298,0.573472825,0.093244647,0.469521188,0.707481583,0.580812111,0.555909165,0.192260147,0.094466806,0.711395989,0.587410564,-0.541929691,-0.869089588,1,0.477789292,0.448993674,0.538776298
27,0.206068268,0.021357455,0.159292035,0.247787611,0.207140627,0.599159664,0.051482062,0.441176471,0.647058824,0.601304399,0.379138322,0.067242624,0.26984127,0.507936508,0.384887321,0.51089838,0.071618954,0.371134021,0.634020619,0.515751761,0.475426621,0.113393606,0.247440273,0.747440273,0.48838633,0.288245931,0.122500891,0,0.521097046,0.312511486,0.528761905,0.074510584,0.361481481,0.645925926,0.533837387,0.531516774,0.194893199,0.2686538,0.889412327,0.565162101,0.45163116,0.096438214,0.255305923,0.689192789,0.461524983,0.492378947,0.159970517,0.015550239,0.78708134,0.517007191,0.578678038,0.069826815,0.432835821,0.741293532,0.582756165,0.642857143,0.035019209,0.5703125,0.7265625,0.643783048,0.533968254,0.050122787,0.422222222,0.644444444,0.536248646,0.460902256,0.017328771,0.434210526,0.513157895,0.461218599,0.428952381,0.017559822,0.386666667,0.466666667,0.429301389,0.473315364,0.021644449,0.41509434,0.509433962,0.473795874,0.655813953,0.02751665,0.604651163,0.697674419,0.656374492,0.536111111,0.013662368,0.506944444,0.576388889,0.536280198,0.685475007,0.0389217,0.644727043,0.794878172,0.686547596,0.5213111,0.071147232,0.378749094,0.637632329,0.526006241,-0.03232095,0.119918699,1,-0.010970804,0.020477277,-0.264894177
28,0.570082786,0.029694216,0.525073746,0.634218289,0.570830698,0.5750881,0.050335385,0.521008403,0.710084034,0.577215941,0.659498208,0.056598481,0.55952381,0.746031746,0.661844347,0.207183239,0.055284066,0.128865979,0.31443299,0.214202314,0.423208191,0.140829276,0.228668942,0.708191126,0.445306959,0.577786852,0.07947875,0.421940928,0.729957806,0.583052954,0.282819594,0.085404424,0.133333333,0.494814815,0.29503483,0.488247512,0.206298395,0.219807655,0.843279856,0.528745486,0.413110554,0.136961665,0.209275114,0.767223682,0.434527001,0.485549313,0.074520816,0.352277512,0.627397129,0.491052285,0.583854919,0.066544632,0.412935323,0.726368159,0.587513327,0.652721774,0.066316996,0.5390625,0.8359375,0.655973924,0.548387097,0.079169994,0.4,0.711111111,0.553889976,0.464770798,0.035855701,0.394736842,0.592105263,0.466107342,0.430537634,0.02288614,0.373333333,0.466666667,0.431125891,0.475958612,0.035703005,0.358490566,0.528301887,0.477252748,0.661665416,0.055955476,0.534883721,0.76744186,0.663951156,0.540770609,0.028108102,0.458333333,0.597222222,0.541477083,0.446944016,0.043083849,0.341666856,0.502098472,0.448949099,0.267367337,0.058617515,0.181010309,0.376348095,0.273515021,-0.335888502,0.174991448,1,0.081108757,0.374913326,-0.214454836
29,0.641224189,0.051621608,0.519174041,0.696165192,0.643246944,0.904936975,0.064587317,0.731092437,0.970588235,0.907181438,0.047420635,0.054631761,0,0.19047619,0.071824301,0.919845361,0.090040443,0.690721649,1,0.924132072,0.532849829,0.060246338,0.343003413,0.634812287,0.536160257,0.538554852,0.063029115,0.443037975,0.672995781,0.542138987,0.889925926,0.120080495,0.607407407,1,0.897790062,0.550728893,0.174375173,0.265940125,0.895512667,0.577017198,0.442810428,0.096486824,0.224287886,0.633696725,0.452943749,0.461095455,0.065558353,0.223090909,0.565789474,0.465617298,0.574502488,0.102357234,0.243781095,0.746268657,0.583325112,0.634570313,0.092463927,0.375,0.84375,0.641104765,0.508888889,0.109423075,0.288888889,0.8,0.520232617,0.452302632,0.041682201,0.328947368,0.526315789,0.454171379,0.422666667,0.040419453,0.28,0.533333333,0.424546817,0.46745283,0.103033159,0.075471698,0.641509434,0.478395845,0.640697674,0.095225861,0.395348837,0.837209302,0.647560635,0.535763889,0.136296588,0.180555556,0.798611111,0.552408622,0.206055391,0.069639716,0.138406145,0.383529081,0.217226315,0.935289063,0.074232888,0.743119406,1,0.938156911,-0.513859246,0.268827579,1,-0.281092141,0.600844434,-0.379429637
30,0.345196871,0.024105421,0.286135693,0.371681416,0.346019246,0.217025941,0.050046996,0.142857143,0.298319328,0.22259944,0.603778468,0.130248945,0.424603175,0.801587302,0.617368955,0.2431645,0.113012474,0.077319588,0.402061856,0.267625009,0.452255528,0.103855938,0.254266212,0.697952218,0.46377434,0.704366171,0.079125155,0.508438819,0.848101266,0.708700493,0.310112721,0.124904911,0.140740741,0.502222222,0.333814289,0.391615359,0.117349015,0.22591885,0.688600395,0.408453198,0.378260552,0.153731161,0.164215904,0.756123424,0.407677014,0.471603703,0.078784468,0.323569378,0.694382775,0.477998023,0.595068138,0.129244664,0.243781095,1,0.608643686,0.640455163,0.093016359,0.3125,0.9140625,0.647029189,0.535748792,0.102235991,0.377777778,0.844444444,0.545207983,0.466533181,0.035274342,0.381578947,0.539473684,0.46783591,0.437391304,0.046496584,0.266666667,0.626666667,0.439802327,0.477440525,0.045155229,0.377358491,0.58490566,0.479524894,0.662790698,0.104780282,0.372093023,0.976744186,0.670844054,0.539251208,0.083348988,0.270833333,0.770833333,0.545516174,0.743672028,0.032467394,0.693469363,0.816288491,0.744365032,0.293221389,0.119883973,0.113429789,0.460641898,0.316288653,-0.596535188,0.149537996,1,-0.204564525,0.703652529,-0.561222908
31,0.112885819,0.074824055,0.038348083,0.250737463,0.134927,0.105861857,0.022415474,0.071428571,0.134453782,0.108152352,0.502710027,0.080919495,0.420634921,0.670634921,0.509024194,0.385969324,0.094684107,0.195876289,0.479381443,0.397138186,0.484932989,0.056906724,0.38225256,0.629692833,0.488179675,0.585931872,0.114052928,0.371308017,0.824894515,0.596663187,0.391761518,0.085171689,0.186666667,0.493333333,0.400692365,0.443525649,0.068114327,0.305299264,0.588194429,0.448599379,0.343646264,0.071566136,0.213192852,0.457069428,0.350841198,0.38728323,0.114833167,0.140545455,0.567588517,0.403550903,0.572381992,0.042492211,0.47761194,0.646766169,0.573918718,0.637004573,0.066752259,0.4609375,0.765625,0.640407691,0.538211382,0.072777726,0.355555556,0.688888889,0.542990703,0.465019255,0.021742352,0.407894737,0.526315789,0.465514885,0.428617886,0.012493901,0.4,0.453333333,0.428795502,0.476300046,0.024881523,0.396226415,0.509433962,0.476933669,0.653998866,0.034570345,0.534883721,0.720930233,0.654889667,0.532350949,0.015882125,0.5,0.5625,0.532582033,0.956382113,0.045875774,0.867812394,1,0.95745496,0.382548746,0.072393677,0.232435783,0.457427222,0.389174205,0.135717212,-0.840492044,1,-0.134626094,0.163938749,-0.703029333
32,0.424348574,0.050572075,0.351032448,0.513274336,0.427289089,0.659751401,0.158709376,0.231092437,0.823529412,0.678185677,0.643683862,0.092329931,0.555555556,0.845238095,0.650135471,0.245274914,0.090118143,0.041237113,0.319587629,0.260982509,0.419084187,0.071971561,0.271331058,0.57337884,0.425092397,0.393987342,0.109111301,0.223628692,0.637130802,0.408513494,0.313981481,0.092400005,0.020740741,0.445925926,0.327023335,0.568959224,0.293354583,0.054273495,1,0.638732071,0.444690246,0.065462403,0.352925506,0.667650454,0.449383426,0.512247408,0.153447565,0.290669856,0.790076555,0.534278034,0.580845771,0.028836734,0.502487562,0.656716418,0.581546252,0.639322917,0.05564869,0.46875,0.828125,0.641689997,0.536111111,0.052392209,0.355555556,0.644444444,0.538611995,0.464364035,0.014351858,0.434210526,0.5,0.464581147,0.43,0.013046561,0.413333333,0.466666667,0.430193755,0.472877358,0.024740842,0.41509434,0.528301887,0.473510668,0.65503876,0.02163226,0.604651163,0.697674419,0.655388421,0.536024306,0.013488332,0.506944444,0.5625,0.536190452,0.525046484,0.095952848,0.394879082,0.718452273,0.533562506,0.289411192,0.098664211,0.074877339,0.371906714,0.305435197,-0.107061065,0.343710508,1,0.021371643,0.026625311,-0.63916049
33,0.438430404,0.069520813,0.336283186,0.519174041,0.443781437,0.617940199,0.16197542,0.218487395,0.781512605,0.638338457,0.410114433,0.136143043,0.285714286,0.722222222,0.43162221,0.455526253,0.144999077,0.139175258,0.597938144,0.477535289,0.498452258,0.047020674,0.40443686,0.593856655,0.500613803,0.46987538,0.063795335,0.339662447,0.611814346,0.474086564,0.505598622,0.141093895,0.17037037,0.722962963,0.524475442,0.649930151,0.146763598,0.405021384,0.888739335,0.66591879,0.485640002,0.085318003,0.31276608,0.657527019,0.492905762,0.52865183,0.129382993,0.378593301,0.793655502,0.543896511,0.583825061,0.068773731,0.323383085,0.751243781,0.587768264,0.643168605,0.073202848,0.4609375,0.78125,0.647224761,0.535400517,0.11726994,0.311111111,0.866666667,0.54780118,0.457160343,0.052795252,0.302631579,0.565789474,0.460128347,0.419844961,0.024058499,0.346666667,0.466666667,0.420517707,0.468187802,0.028303628,0.396226415,0.528301887,0.469022689,0.66035695,0.042803315,0.558139535,0.744186047,0.661710524,0.531330749,0.049970875,0.381944444,0.659722222,0.533621009,0.507430977,0.122121889,0.374849133,0.73015392,0.521587117,0.509277301,0.149224633,0.183617567,0.653494052,0.530201378,-0.559188192,0.360474683,1,-0.317987142,0.511799384,-0.403341079
34,0.032681261,0.035093841,0,0.100294985,0.047615465,0.344980097,0.100327018,0.180672269,0.445378151,0.358903742,0.34962406,0.083615228,0.277777778,0.523809524,0.359227648,0.570401519,0.102297548,0.371134021,0.659793814,0.579264441,0.491153224,0.037722221,0.428327645,0.62116041,0.492561681,0.326671108,0.135865303,0.179324895,0.569620253,0.353111343,0.535555556,0.114781293,0.293333333,0.665185185,0.547400945,0.367030509,0.110358383,0.130940234,0.520352561,0.382844443,0.335903415,0.080063011,0.196539854,0.459681253,0.345068839,0.400922689,0.169821515,0,0.605866029,0.434533566,0.585755433,0.172915666,0.144278607,0.950248756,0.610100334,0.636307566,0.119862451,0.421875,0.9921875,0.647206494,0.533333333,0.101111606,0.266666667,0.755555556,0.542585441,0.467105263,0.025731421,0.421052632,0.513157895,0.467794836,0.427017544,0.089977606,0.013333333,0.613333333,0.43615009,0.482125124,0.039649919,0.41509434,0.566037736,0.483710016,0.635250918,0.143063008,0,0.88372093,0.650747376,0.53746345,0.133993489,0.298611111,0.840277778,0.553487791,0.911483474,0.023046489,0.880726864,0.95741255,0.911767123,0.526656947,0.081768087,0.357658827,0.598375041,0.532801663,0.183635026,0.923607157,1,0.118522966,-0.011464738,-0.883385987
35,0.211725664,0.046566997,0.14159292,0.303834808,0.216661094,0.035714286,0.024052275,0,0.075630252,0.042890085,0.736011905,0.076431262,0.638888889,0.861111111,0.739871082,0.158505155,0.068311748,0.046391753,0.25257732,0.172260607,0.412627986,0.0609615,0.240614334,0.5221843,0.416995506,0.746835443,0.053744673,0.662447257,0.841772152,0.748718543,0.204185185,0.068743334,0.081481481,0.308148148,0.215172244,0.385042768,0.080408536,0.265267134,0.53120726,0.39314352,0.443822641,0.040257079,0.366632365,0.535095097,0.445599207,0.549312679,0.096468963,0.395339713,0.763760766,0.55751056,0.565298507,0.084848229,0.39800995,0.76119403,0.571473222,0.645117188,0.096219601,0.4296875,0.859375,0.652075871,0.543888889,0.094279225,0.355555556,0.711111111,0.551798407,0.461842105,0.024894122,0.421052632,0.513157895,0.462495789,0.429,0.020229453,0.4,0.466666667,0.429464783,0.473584906,0.038168779,0.377358491,0.547169811,0.4750822,0.650581395,0.080126839,0.465116279,0.790697674,0.655374667,0.5328125,0.07785576,0.347222222,0.659722222,0.538329956,0.914262504,0.031387789,0.853486609,0.969176586,0.914787674,0.175642827,0.066348958,0.06779305,0.2619732,0.187463416,0.621568641,-0.682276911,1,-0.432800597,0.671078546,-0.84828495
36,0.642109145,0.092028871,0.530973451,0.799410029,0.648507312,0.765651261,0.017349757,0.739495798,0.789915966,0.765842896,0.933234127,0.04560848,0.865079365,1,0.934320109,0.036597938,0.028966819,0,0.082474227,0.046448991,0.31693686,0.047523003,0.232081911,0.462457338,0.320391867,0.425052743,0.094039891,0.276371308,0.601265823,0.435077289,0.11437037,0.050341537,0,0.201481481,0.124705634,0.358227319,0.045849862,0.256453119,0.433514969,0.361076816,0.430085616,0.034132019,0.353902328,0.50244728,0.431404111,0.584016268,0.074831477,0.419263158,0.681818182,0.588672029,0.58818408,0.085954045,0.437810945,0.76119403,0.594275952,0.637109375,0.10026679,0.3671875,0.859375,0.644756116,0.537777778,0.097865798,0.266666667,0.755555556,0.546391078,0.467105263,0.03277644,0.381578947,0.526315789,0.468225122,0.428333333,0.022226495,0.36,0.466666667,0.428895222,0.475943396,0.037611673,0.396226415,0.547169811,0.477390185,0.656976744,0.063579707,0.465116279,0.790697674,0.659969516,0.544270833,0.058856012,0.430555556,0.770833333,0.54736475,0.34356358,0.06586888,0.226252904,0.423683056,0.349665805,0.051229278,0.036499195,0,0.105517645,0.062636454,0.066782447,-0.850451726,1,0.006263376,-0.021535825,-0.752461882
37,0.430338098,0.087722254,0.330383481,0.598820059,0.439019462,0.493616677,0.142977013,0.134453782,0.663865546,0.513523833,0.531288156,0.130193677,0.345238095,0.781746032,0.546709731,0.322264076,0.123266206,0.092783505,0.510309278,0.344610634,0.474468364,0.05732442,0.365187713,0.614334471,0.477852617,0.553310613,0.055455371,0.478902954,0.700421941,0.556029489,0.378091168,0.116275558,0.13037037,0.568888889,0.395237823,0.629668773,0.079714447,0.499316154,0.797820376,0.634598264,0.469325016,0.030409437,0.399938361,0.524000063,0.470290252,0.475536253,0.10878113,0.354669856,0.697368421,0.487586401,0.571469575,0.062326675,0.402985075,0.691542289,0.574793342,0.640024038,0.019560098,0.59375,0.6875,0.640317116,0.535470085,0.032415726,0.466666667,0.6,0.536431528,0.462550607,0.015279122,0.434210526,0.486842105,0.462798041,0.428974359,0.014150428,0.4,0.466666667,0.429203197,0.47532656,0.02393589,0.41509434,0.528301887,0.47591727,0.656976744,0.027965814,0.604651163,0.720930233,0.657560255,0.535657051,0.020857323,0.493055556,0.590277778,0.536055164,0.573728596,0.121593369,0.370084507,0.782813187,0.586229582,0.377520742,0.13430513,0.131918826,0.577369272,0.400266032,-0.746914794,0.394449723,1,-0.235040393,0.705764865,-0.381232187
38,0.227349347,0.037626764,0.16519174,0.274336283,0.230368813,0.085634254,0.031277078,0.029411765,0.121848739,0.091039493,0.767573696,0.091499496,0.626984127,0.904761905,0.772879162,0.128988709,0.076510629,0.025773196,0.257731959,0.149507811,0.400455063,0.066522122,0.228668942,0.517064846,0.405812873,0.727697408,0.053822218,0.641350211,0.852320675,0.729637839,0.184797178,0.078130698,0.047407407,0.336296296,0.200272464,0.435179356,0.101626914,0.277478671,0.59972212,0.446613027,0.333544145,0.048907587,0.26118253,0.452498733,0.337026256,0.466335384,0.070526925,0.358248804,0.616028708,0.471512786,0.580431177,0.048181355,0.47761194,0.686567164,0.58238005,0.646763393,0.031084533,0.53125,0.71875,0.647492184,0.537566138,0.049626875,0.333333333,0.688888889,0.539797685,0.461466165,0.014644187,0.434210526,0.5,0.461692937,0.42984127,0.013433614,0.4,0.466666667,0.43004614,0.476190476,0.021577034,0.433962264,0.509433962,0.476667445,0.65448505,0.031061725,0.581395349,0.720930233,0.655204196,0.538525132,0.01910776,0.486111111,0.583333333,0.538855947,0.886935695,0.038207817,0.838813516,0.950674056,0.887738704,0.145048983,0.082031568,0.023172132,0.273153177,0.166157055,0.388643402,-0.832128358,1,-0.223203815,0.706901718,-0.318668845
