,Orientation X,Orientation X,Orientation X,Orientation X,Orientation X,Orientation Y,Orientation Y,Orientation Y,Orientation Y,Orientation Y,Orientation Z,Orientation Z,Orientation Z,Orientation Z,Orientation Z,Orientation W,Orientation W,Orientation W,Orientation W,Orientation W,Accelerometer X,Accelerometer X,Accelerometer X,Accelerometer X,Accelerometer X,Accelerometer Y,Accelerometer Y,Accelerometer Y,Accelerometer Y,Accelerometer Y,Accelerometer Z,Accelerometer Z,Accelerometer Z,Accelerometer Z,Accelerometer Z,Gyroscope X,Gyroscope X,Gyroscope X,Gyroscope X,Gyroscope X,Gyroscope Y,Gyroscope Y,Gyroscope Y,Gyroscope Y,Gyroscope Y,Gyroscope Z,Gyroscope Z,Gyroscope Z,Gyroscope Z,Gyroscope Z,EMG1,EMG1,EMG1,EMG1,EMG1,EMG2,EMG2,EMG2,EMG2,EMG2,EMG3,EMG3,EMG3,EMG3,EMG3,EMG4,EMG4,EMG4,EMG4,EMG4,EMG5,EMG5,EMG5,EMG5,EMG5,EMG6,EMG6,EMG6,EMG6,EMG6,EMG7,EMG7,EMG7,EMG7,EMG7,EMG8,EMG8,EMG8,EMG8,EMG8,Roll,Roll,Roll,Roll,Roll,Yaw,Yaw,Yaw,Yaw,Yaw,Accelerometer X vs Roll,Accelerometer Y vs Roll,Accelerometer Z vs Roll,Accelerometer X vs Accelerometer Y,Accelerometer X vs Accelerometer Z,Accelerometer X vs Accelerometer Z
,mean,std,amin,amax,RMS,mean,std,amin,amax,RMS,mean,std,amin,amax,RMS,mean,std,amin,amax,RMS,mean,std,amin,amax,RMS,mean,std,amin,amax,RMS,mean,std,amin,amax,RMS,mean,std,amin,amax,RMS,mean,std,amin,amax,RMS,mean,std,amin,amax,RMS,mean,std,amin,amax,RMS,mean,std,amin,amax,RMS,mean,std,amin,amax,RMS,mean,std,amin,amax,RMS,mean,std,amin,amax,RMS,mean,std,amin,amax,RMS,mean,std,amin,amax,RMS,mean,std,amin,amax,RMS,mean,std,amin,amax,RMS,mean,std,amin,amax,RMS,corr, corr, corr, corr, corr, corr
0,0.3060016906170752,0.18679969464393467,0.056213017751479244,0.7485207100591715,0.35839457469466574,0.27003343710365524,0.21748559059635725,0.11387163561076603,0.7018633540372671,0.3465595352451347,0.4740583444471785,0.16978831238247905,0.0,1.0,0.5034774903974744,0.2574781151052342,0.23220147090745175,0.0,0.9507692307692308,0.3465284287707991,0.6622941223425488,0.054601155837792625,0.21724429416737107,0.8960270498732037,0.6645356063429635,0.5552597157005523,0.08366240521742516,0.0,0.7073170731707318,0.561512067752416,0.39275739920237385,0.11270338584478581,0.13208805870580387,0.7538358905937291,0.4085702782048427,0.5370862235335779,0.05628198474392751,0.39102365921685567,1.0,0.5400200028081992,0.3082183616030604,0.05987339106072388,0.07359664745940284,0.5857768465165007,0.31396608324411607,0.528506181435257,0.11026584155568125,0.0,1.0,0.5398591483218599,0.5038171978988876,0.040632588012491394,0.2568306010928962,0.6885245901639344,0.5054490859731896,0.4934729971575957,0.05623333301330981,0.08695652173913043,0.818840579710145,0.4966589675386632,0.5882669451961577,0.05407924719102902,0.0,1.0,0.5907414684242479,0.48824421262247997,0.04566381271925906,0.23364485981308408,0.9532710280373831,0.4903698054328365,0.4521266917661556,0.042016359256648796,0.19075144508670522,0.791907514450867,0.4540700885746565,0.5070845664066004,0.04567381906902329,0.11111111111111105,0.9999999999999999,0.5091324033608386,0.41757912104394707,0.053544108208425006,0.035398230088495575,1.0,0.42098972913362226,0.4809408509166375,0.03461790513565397,0.09714285714285714,0.6571428571428571,0.482182123002341,0.7354668240142171,0.1979956731476112,0.31175942485170616,0.8611677542007321,0.7615896631519968,0.3582943615734853,0.20288716879908786,0.0,0.9235912962609834,0.4116289397328932,-0.543858173399259,0.26286927112054553,1.0,0.14755833297863735,0.6883665964929745,-0.005748339492210957
1,0.652944491406029,0.08398134136374205,0.46153846153846134,0.7721893491124256,0.6583061480078249,0.47453416149068334,0.15302020219117296,0.29192546583850937,0.855072463768116,0.49852133233022017,0.4535098888040066,0.07124755901515545,0.2593582887700534,0.5721925133689838,0.45905481038918206,0.4527960927960922,0.06890676284929022,0.32923076923076877,0.6430769230769227,0.45799276211662626,0.6900803713990525,0.04455644204121867,0.38377007607776836,0.863905325443787,0.6915127569701521,0.5318555860330639,0.07964131148868564,0.15464452516865596,0.7861961598339389,0.5377666475456134,0.4415049186229973,0.07716586905907227,0.0,0.7184789859906604,0.4481765959025946,0.5239748113300781,0.06965756261469612,0.33035473865823617,0.8019932649187369,0.5285701232612232,0.3039082242011523,0.05819352914874283,0.040071241487689924,0.646935568360398,0.30941225706171854,0.5337906094117822,0.06206607961228112,0.3307086313781592,0.7918474010491177,0.5373754588124428,0.5039986121953335,0.0359417519099255,0.31693989071038253,0.6939890710382514,0.5052744894040674,0.4938118242466072,0.05107500310199569,0.30434782608695654,1.0,0.49643780301282064,0.5897292250233428,0.040113541883864026,0.48366013071895425,0.9738562091503268,0.5910875965938225,0.4868713840676458,0.05036495008911628,0.2897196261682242,0.9065420560747663,0.48946125488489445,0.45205982200201955,0.041707667776043414,0.3063583815028902,0.9479768786127167,0.45397366653119586,0.5076425631981183,0.021968770749081358,0.4320987654320987,0.6481481481481481,0.5081161941030123,0.4180643348784934,0.028582905450068655,0.30973451327433627,0.5132743362831859,0.4190372023892129,0.4796734693877551,0.031751949417400595,0.32571428571428573,0.6685714285714286,0.4807199007061056,0.4424337760963184,0.07939040385027522,0.1902161436447498,0.5548348770940893,0.44947800107510577,0.4619634874485927,0.10121142607977554,0.2975684184745475,0.6552421245463493,0.47288634644564137,-0.12649958099699682,0.5164872414756045,1.0,-0.04033924868584588,0.2657285868068037,-0.576338353005242
2,0.6968280976204382,0.12486766142417373,0.5828402366863905,0.9585798816568043,0.7078802245691275,0.6313278063604613,0.16654217603337887,0.4389233954451346,0.9358178053830228,0.6528338652238731,0.45220444791260295,0.09398005053791109,0.31550802139037426,0.7032085561497325,0.4618259476893021,0.5762561901617695,0.18596909795897704,0.41230769230769226,1.0000000000000002,0.6053984396592081,0.7067650078544762,0.040922684931309856,0.31572273879966184,0.8571428571428572,0.7079436807128024,0.4953284141552949,0.045665190587216846,0.3840166061235081,0.6699532952776337,0.49741994096962194,0.5021087019386313,0.09054367746692121,0.10673782521681119,0.715143428952635,0.5101726382963753,0.5372617745252283,0.09477224305243695,0.3041756838966401,0.7151452895985214,0.5455212589950329,0.31287816239767813,0.042985989097734156,0.00039182818229438476,0.5119161864850706,0.31580470121944687,0.5308298100085754,0.056971609957795225,0.36480686695278963,0.8459704339532665,0.5338652650396564,0.5069771805154901,0.04261617833821921,0.3715846994535519,0.7213114754098361,0.5087575116232528,0.493251228463022,0.047686229961481544,0.2898550724637681,0.6884057971014492,0.49554110964914466,0.5879267300625542,0.02867147600826664,0.4771241830065359,0.6928104575163399,0.5886224301976394,0.4865829689944246,0.03501198371549411,0.3271028037383177,0.6261682242990654,0.48783559075524585,0.451139943933117,0.023122884290707264,0.36416184971098264,0.5202312138728323,0.4517295895537547,0.5078948762782813,0.014447444550351702,0.4629629629629629,0.574074074074074,0.5080994372882465,0.4180181548862464,0.021489352891301782,0.3185840707964602,0.47787610619469023,0.41856778203899137,0.48198651134273435,0.02314121870292364,0.4,0.5828571428571429,0.48253934012415206,0.327864644170679,0.172193945452236,0.0,0.4843158354558137,0.370160402108313,0.5671935467303714,0.12490800633342923,0.3954886446259134,0.8240989905513467,0.5807267585381813,-0.251673697312058,0.377629482526083,1.0,0.14210127170457013,0.2275065576938205,-0.2550577871622103
3,0.46077450898686,0.15538893502940035,0.18934911242603547,0.7928994082840235,0.4861537915809734,0.47214689100788293,0.27669554835232474,0.16770186335403725,0.9813664596273292,0.5469220004209386,0.3778212949712533,0.19090817628207957,0.1524064171122994,0.767379679144385,0.423111988773901,0.4521054532322138,0.11746856937110958,0.29230769230769216,0.6369230769230767,0.4670475588520191,0.6910893368098132,0.06223851377587459,0.0,0.8448858833474218,0.6938731281586907,0.5079193375092277,0.1169777056157192,0.29942916450441104,0.734820965230929,0.5211540980471951,0.4962087400990334,0.1052404012053951,0.16344229486324213,0.8198799199466311,0.5071948914831079,0.5160417927822486,0.11681294523878026,0.1273648412801308,0.6922905592510962,0.5290371761985654,0.31428729246440756,0.057039213607625934,0.0,0.7124148768988998,0.3193974007058819,0.5424247740456405,0.1000241360829982,0.27443776824034327,0.800904148783977,0.5515274175189152,0.5040662921060057,0.037472565281750074,0.3825136612021858,0.644808743169399,0.5054507172120688,0.4941144451248557,0.0427152776614466,0.3405797101449275,0.7391304347826086,0.49594870062667196,0.5893399613366473,0.02980281374221379,0.5163398692810457,0.7647058823529411,0.5900895082493836,0.4836558290553285,0.06562118834162957,0.11214953271028033,0.8317757009345794,0.4880664757153062,0.44972726532606067,0.05500895501435056,0.13872832369942195,0.7109826589595376,0.4530633419362702,0.5060569176375121,0.023111916993331753,0.4135802469135802,0.6172839506172839,0.5065819349316945,0.41738335618430333,0.0324656012090216,0.30973451327433627,0.5663716814159292,0.4186381884791173,0.4815560026827632,0.020317868949655232,0.3942857142857143,0.5942857142857143,0.4819824285346053,0.5361846587064858,0.1810108577628001,0.10967215290037169,0.7080634714278757,0.5657783071971084,0.5483679275034847,0.157995235006438,0.32729697203436225,0.8133963179350319,0.5705722420433353,0.03530194287820304,0.796020365008343,1.0,0.049429347400582045,0.10674466136555219,-0.6516945860618033
4,0.5065068068026642,0.10830402362841647,0.3431952662721893,0.7485207100591715,0.5179168791604682,0.3824146867625133,0.24170962228578646,0.16770186335403725,0.9026915113871635,0.4521728165647027,0.31346995250738574,0.1102866710968159,0.053475935828877,0.6042780748663099,0.3322409253098119,0.4590102205486827,0.10468076159865618,0.3384615384615386,0.6923076923076925,0.470754850761471,0.7040518652944683,0.030586056741069182,0.5743871513102282,0.8681318681318679,0.7047136048697777,0.5651906474428524,0.09516527744238105,0.31759211209133376,0.8479501816294759,0.5731188638915041,0.49456514132965096,0.057663341169131875,0.27951967978652437,0.6277518345563708,0.49790371945396295,0.5272402465309692,0.10120539638331144,0.2538952771323048,0.7695811018805704,0.5368323730637801,0.30370485041412204,0.04566687138656348,0.16828077527501306,0.6200880041906757,0.3071071596009,0.5351743516378709,0.09060145409843998,0.19003528850739143,0.8328583690987124,0.5427628475264783,0.5045282586266189,0.028848393224251055,0.3715846994535519,0.6557377049180328,0.5053494668544275,0.4933870477348741,0.03450182959057633,0.3405797101449275,0.6159420289855072,0.4945876999713292,0.5890580008227067,0.03144668011223908,0.45751633986928103,0.738562091503268,0.5898938585483667,0.48869354944121274,0.039046896336980406,0.3551401869158878,0.7102803738317757,0.4902455654053225,0.4518371801608801,0.02162792575530744,0.3699421965317919,0.5722543352601156,0.45235270420177515,0.5076620909954248,0.011436954111084087,0.4753086419753086,0.5617283950617283,0.5077904540229401,0.4173835014542969,0.021697656048955676,0.3274336283185841,0.48672566371681414,0.4179451273210499,0.4818981018981011,0.019513434169949186,0.4114285714285714,0.6342857142857143,0.4822916372363103,0.5672204192345754,0.17900280613827008,0.12754453874014704,0.7323028926229157,0.594700742912672,0.5480308251383945,0.08170599307781065,0.44683914027782246,0.6872474929688366,0.5540670648994888,-0.19677688349544936,0.8539912689755095,1.0,-0.027592622148779198,0.23744401135916243,-0.6309048030998948
5,0.48907136819224734,0.16708710724283693,0.26627218934911234,0.7958579881656802,0.516715543754881,0.4125068661004772,0.2745023353350413,0.11801242236024846,0.9606625258799172,0.49518268286616496,0.3715049656226126,0.09510638569202003,0.18449197860962552,0.6497326203208557,0.383437406622748,0.43541601255886936,0.13332423127350668,0.25538461538461554,0.6553846153846155,0.45529100824168095,0.6956388979936856,0.03831170312620793,0.5532544378698225,0.8436179205409975,0.6966887913786189,0.5464812598625333,0.09987952079733795,0.2605085625324339,0.7612869745718734,0.5554970459149544,0.4757702413854133,0.07493118489063708,0.1014009339559706,0.676450967311541,0.48161093009372935,0.5283996695485844,0.12886700400563333,0.09723648911449972,0.8410540767852454,0.5438245425063037,0.30767044183833825,0.045654933203886895,0.17378103719224722,0.6914614981665792,0.3110256678511507,0.5349731336311345,0.1017255236150193,0.14186742966142107,0.8140200286123032,0.5445200628001198,0.5055648488903758,0.0560326836257165,0.2295081967213115,0.7049180327868853,0.5086478773399159,0.4939662821650402,0.04925696949188367,0.3188405797101449,0.6666666666666666,0.49640611791370615,0.5884220354808591,0.03601534601684808,0.3856209150326797,0.7320261437908497,0.5895187042676602,0.48613389280946,0.0503852796126641,0.33644859813084105,0.794392523364486,0.4887274047925183,0.450135661200897,0.029485893977362728,0.34104046242774566,0.6416184971098265,0.45109642293388325,0.5074326026706981,0.02149186851502493,0.4320987654320987,0.5864197530864197,0.5078856774487946,0.4204442839082528,0.03694756282490024,0.2654867256637168,0.5752212389380531,0.4220579893114999,0.4805364431486878,0.04243640599225918,0.1542857142857143,0.7542857142857142,0.48239897527386244,0.5567396501298113,0.2151407257476832,0.14445574590354537,0.7902098088103942,0.5967039880574274,0.5207843265933636,0.09179763007454259,0.3675913140894297,0.6902357211715779,0.5287804124498344,-0.17787168245992546,0.8120298087555954,1.0,0.01838212750424568,0.06188646566760886,-0.8521148879829519
6,0.5346591758699503,0.19863372853902095,0.3550295857988164,0.8994082840236683,0.570239734093754,0.41262865215148986,0.319196896319273,0.08281573498964803,0.9296066252587991,0.5213264249239042,0.3797949767370018,0.10890612176872225,0.19786096256684482,0.6711229946524063,0.39504676921511994,0.47305748403221315,0.23645110741233538,0.2523076923076921,0.9692307692307693,0.528668772857541,0.6965983197585531,0.0308992872602516,0.6086221470836854,0.8233305156382078,0.6972808173434397,0.5591565048456383,0.08306991218535385,0.37052413077322266,0.8214841722885314,0.5652713465859504,0.48091748289473346,0.10334336817025935,0.19346230820547028,0.723815877251501,0.49185660682471166,0.5339936833755733,0.1325361934728673,0.16185138275274014,0.9031757271128575,0.5501378753286643,0.3118369569945143,0.043013830609546756,0.10149188056574121,0.599658459926663,0.3147789668741892,0.5324298180829066,0.052650853742278854,0.37458082975679535,0.7746800190748688,0.535017397808329,0.5049022508926635,0.0371527594174313,0.31693989071038253,0.7103825136612022,0.5062624095831352,0.49563124574896683,0.047184821293671846,0.32608695652173914,0.7536231884057971,0.4978641396520637,0.591019560652179,0.032877428135587666,0.47058823529411764,0.803921568627451,0.5919300162155776,0.4903674213030128,0.03663492130537828,0.27102803738317754,0.7383177570093458,0.4917290718932886,0.45224431877465066,0.023226582678886273,0.35260115606936415,0.6184971098265896,0.4528382166368065,0.5074876320363684,0.015140532519135476,0.4320987654320987,0.574074074074074,0.5077126203168967,0.41695153509472455,0.02683729674749125,0.3185840707964602,0.504424778761062,0.4178112288682096,0.4804951005673024,0.03203429206953097,0.23428571428571426,0.6514285714285715,0.4815579226420772,0.5235962587082783,0.28350229027901686,0.04965589002686288,0.7870279001291449,0.5951776486996257,0.5275410681485806,0.1606682377305497,0.3577654514052452,0.8427308835645835,0.5513806932082171,-0.5737431251458657,0.8525302949710604,1.0,-0.3367420198246681,0.6268102278500206,-0.7448086587677192
7,0.463710752172291,0.16693998159954193,0.31360946745562124,0.8195266272189345,0.4927180565924577,0.40756905974297275,0.2968609796828174,0.09730848861283646,0.9565217391304348,0.5038273650432252,0.3171460230283758,0.13286418216347992,0.1577540106951869,0.6390374331550802,0.3437367790884476,0.4706860706860704,0.16761649315393762,0.26769230769230745,0.7353846153846151,0.4995138742420118,0.7063980717826872,0.03482523445890777,0.5743871513102282,0.9057480980557904,0.7072521259947325,0.5489838567160834,0.0934984455563619,0.3700051894135963,0.796574987026466,0.556853531964357,0.5089008287807489,0.08506137112633946,0.1407605070046698,0.6624416277518346,0.5159291601893689,0.5173067773121627,0.12307998964037296,0.15748986912134783,0.808432481308986,0.5316829397190875,0.30832034129467345,0.04672218722735864,0.06024096385542166,0.5348349921424829,0.31182457002247216,0.5375376062758034,0.07608246957394293,0.28659990462565565,0.8240343347639485,0.5428712055569742,0.5051444887510461,0.03975099789180693,0.3551912568306011,0.6557377049180328,0.5066991006435114,0.49572398485441976,0.04133714741834422,0.33333333333333337,0.717391304347826,0.49743676160956346,0.5909733262674437,0.030706840631605666,0.4444444444444444,0.7189542483660131,0.5917669601106185,0.4892228677275405,0.03917096116983684,0.33644859813084105,0.6448598130841121,0.49078148595488147,0.45188251835650733,0.02278595865184723,0.34104046242774566,0.5549132947976878,0.452454054650372,0.5066733400066733,0.01657044215477014,0.45061728395061723,0.5679012345679012,0.5069430107831535,0.41756358128039484,0.027765005862270115,0.3185840707964602,0.5132743362831859,0.41848150193259587,0.4818275418275413,0.02959583769192415,0.27428571428571424,0.6171428571428571,0.4827315487053462,0.569761687314902,0.2484934122296834,0.07134872323517327,0.8091915494047874,0.6213688177831974,0.5722554136652865,0.12647650290059012,0.4022106733610946,0.764557511030002,0.5860038471065895,-0.24518807173998014,0.8775057631777553,1.0,-0.19194255806201174,0.1933462015444584,-0.7192243120762959
8,0.3845395235927777,0.10577940335041523,0.2899408284023668,0.6213017751479288,0.39876322540192444,0.35607226911574763,0.3012657376630689,0.11180124223602488,0.9875776397515529,0.4660049761650201,0.28985556926733436,0.12820164541614104,0.09090909090909105,0.6096256684491979,0.31683067252300945,0.43312294543063806,0.12670551861923535,0.3046153846153845,0.6830769230769227,0.4511996966275435,0.7040842129599525,0.03675482801985352,0.5604395604395604,0.8698224852071006,0.7050388096913506,0.5598734137914213,0.1149971084277372,0.30565646081992737,0.8842760768033213,0.5715120822566147,0.5100779437003587,0.0732511859896567,0.2001334222815211,0.6824549699799867,0.515288573909501,0.5342874087575947,0.13721278774249943,0.10824997589864799,0.8765811317994902,0.551552287204078,0.308472480781543,0.046681649644908174,0.08603876375065478,0.6428748035620743,0.31196976631297674,0.5334450435909658,0.09999794193949159,0.1120648545541249,0.7942279446828802,0.5426974015417566,0.5040866844145527,0.02629612683871768,0.3825136612021858,0.6557377049180328,0.5047691716232026,0.49399232007927685,0.03268088045797714,0.35507246376811596,0.6739130434782609,0.49506755899728944,0.5882632255181275,0.02326027789143789,0.48366013071895425,0.6797385620915033,0.5887209448334348,0.48889687674734406,0.037122686025032575,0.3177570093457943,0.7102803738317757,0.49029823640433534,0.4529667506546129,0.020421253266465416,0.3583815028901734,0.5549132947976878,0.45342488089473415,0.5075445816186558,0.012067309158151717,0.4444444444444444,0.5432098765432098,0.5076874037961696,0.41698812495272575,0.02087636621232591,0.3274336283185841,0.48672566371681414,0.41750815145071746,0.4793162393162385,0.018049398694252393,0.41714285714285715,0.5542857142857143,0.47965450674404675,0.6413222489544292,0.21860066537853512,0.15505009968381556,0.8169549341007645,0.6774040619604016,0.5719302744880689,0.09728467085037369,0.45853887266827353,0.7514930641826378,0.5801104207832102,-0.008574830840280415,0.8798732447147888,1.0,0.10243212699414633,-0.0746613688384719,-0.7357532337361182
9,0.5063239644970409,0.1612551765419322,0.3372781065088757,0.7692307692307689,0.5312803800120338,0.43452380952380937,0.26564880635943056,0.13664596273291924,0.9130434782608696,0.5090050988565238,0.29937611408199627,0.09756537779330533,0.11764705882352944,0.5695187165775399,0.3148100984951411,0.500871794871795,0.13963068720457963,0.32307692307692326,0.7507692307692309,0.5198923420644682,0.7101384192730346,0.025789556445855084,0.621301775147929,0.7907861369399831,0.7106046048923326,0.5500562186472927,0.09087898938618595,0.3715620134924754,0.8142189932537623,0.5574822166877734,0.5151156326439847,0.06104997034810137,0.3408939292861908,0.6557705136757839,0.5187057781585359,0.5290290119332166,0.12418902356305615,0.18034459946877296,0.8738817803751833,0.5433510346918381,0.3062659245678366,0.035672575294968416,0.2052111052907281,0.5328695652173913,0.3083278238503344,0.5382760292481323,0.08351474034314023,0.26704816404387216,0.7920839294229851,0.544689576014012,0.5043943533697635,0.04613371477023705,0.36065573770491804,0.7213114754098361,0.506490982497526,0.4946859903381645,0.050158253523349225,0.2898550724637681,0.6884057971014492,0.4972118227912298,0.5895152505446623,0.03307874616305334,0.43790849673202614,0.7189542483660131,0.5904387139165448,0.4876168224299064,0.040166631385912505,0.3271028037383177,0.719626168224299,0.4892614857797182,0.4514691714836225,0.02684378983778414,0.3352601156069364,0.5895953757225434,0.4522631970419176,0.5076903292181071,0.015080692641480311,0.45061728395061723,0.5493827160493827,0.5079133292781616,0.4175516224188781,0.03248224562158883,0.1415929203539823,0.5221238938053098,0.4188079003920013,0.4817142857142852,0.028349165370145292,0.34285714285714286,0.6971428571428572,0.4825442773381901,0.5377904518006018,0.22245703069408929,0.16115388820838117,0.7901642720977469,0.5818071022048646,0.591187406887315,0.0800874140615139,0.4630495941783901,0.7236161683424995,0.5965650165561693,-0.3045738072057132,0.8113224816598281,1.0,-0.036123413637469286,0.20536311883740002,-0.8104790674037087
10,0.4399458429445387,0.2272533403912961,0.257396449704142,0.8550295857988162,0.49499632398915766,0.33736182756079663,0.3232692246508401,0.047619047619047616,0.9648033126293994,0.46686373480100324,0.3526602012145376,0.10865599849214316,0.1604278074866312,0.6470588235294116,0.3689652053552923,0.42682659713168203,0.2407365455606567,0.2092307692307691,0.9415384615384617,0.4898352517573693,0.6943206728082874,0.03248360100659967,0.5553677092138631,0.856720202874049,0.6950775525991758,0.5698591821836002,0.08086292864211823,0.36844836533471725,0.8412039439543333,0.5755485516261596,0.4724143779468797,0.10397472900261047,0.266844563042028,0.7071380920613742,0.4836832043511061,0.5330758615902317,0.13882568301320342,0.09661484044904972,0.961976377350713,0.5507967989445768,0.3110185792543793,0.045796513591792876,0.018334206390780483,0.5775254059717129,0.3143608877341871,0.5330375758751403,0.059491945476558665,0.3621821649976156,0.7508364329995231,0.5363360432348986,0.5050476984347502,0.04725510055873601,0.2677595628415301,0.7868852459016393,0.5072461459494637,0.4925079832964877,0.055399404543264634,0.28260869565217395,0.7463768115942029,0.49560347448940073,0.5879251135482448,0.034863949844470055,0.43790849673202614,0.7189542483660131,0.5889544242277529,0.48756534135910046,0.03415005868415518,0.3551401869158878,0.6261682242990654,0.48875580333388413,0.45261095326736606,0.02425869920813846,0.35260115606936415,0.6011560693641618,0.4532583861796663,0.5073237078886799,0.02072074536813783,0.40740740740740733,0.6481481481481481,0.5077452495624277,0.4171291435428214,0.03137113340811784,0.2831858407079646,0.5398230088495575,0.41830316076874857,0.48156900726392227,0.04440391051319652,0.24,0.7542857142857142,0.48360493408625344,0.6144392779290581,0.29714294018334675,0.032181297951016985,0.8516122787609733,0.6822977734945833,0.5167050056844059,0.1634448736143415,0.34063182710662754,0.8567485833830344,0.5418558229911483,-0.5785828522010285,0.8419069007455088,1.0,-0.3701097750663749,0.6140247482405714,-0.7362233129281643
11,0.4389128472570471,0.20967708420809936,0.28698224852070997,0.9112426035502956,0.4862714622460559,0.3300066673684951,0.2891584802944598,0.08281573498964803,0.9544513457556937,0.4384445171294679,0.30288226230399684,0.12414832268760441,0.10962566844919763,0.6336898395721925,0.3272586500681749,0.44414080834419817,0.192389327075156,0.2523076923076921,0.8738461538461539,0.48388969900000506,0.7024470965800828,0.028657634555981946,0.5460693153000845,0.8296703296703296,0.7030294443192731,0.5721777066310151,0.08092173569364429,0.39231966787752987,0.8095485210171252,0.577852453099849,0.4892956886511907,0.07766501174952332,0.19813208805870586,0.6464309539693128,0.4954005228295744,0.5148962695276593,0.10897324347815776,0.08186148869895915,0.7427770741291102,0.52626331941488,0.30602043842281434,0.04196784639517912,0.05631011000523836,0.539549502357255,0.30887511773307674,0.5393433783532574,0.06130309108271935,0.34620886981402,0.7274659036719122,0.5428043934355465,0.5046772251551358,0.04916548429561688,0.2459016393442623,0.6612021857923498,0.5070583323306944,0.494497666421027,0.04563466662500869,0.32608695652173914,0.7028985507246377,0.49659178959634587,0.589741885454748,0.029482881094387053,0.5098039215686274,0.7908496732026143,0.5904758971881352,0.4886108031047053,0.039060712312288,0.3271028037383177,0.7009345794392523,0.490164344031186,0.45261095326736617,0.032162678207187934,0.2658959537572254,0.6473988439306358,0.45374839538890205,0.507365557648044,0.019803630248528017,0.4320987654320987,0.6172839506172839,0.5077505917495504,0.41670916454177204,0.036141836180274015,0.20353982300884954,0.6106194690265487,0.41826825391058126,0.48172397094430963,0.027771402081480805,0.33714285714285713,0.5942857142857143,0.48252110891288785,0.6237600063683453,0.270241382970885,0.024906749631168346,0.828836624609897,0.679602376334503,0.5481342508951946,0.12288562007522942,0.39106671513589353,0.7470292588684082,0.5616946174006154,-0.3852495187934547,0.8486271823995197,1.0,-0.26488215926858416,0.4274074576599704,-0.7927328133675025
12,0.43435984394825233,0.16985493917876043,0.18639053254437865,0.8047337278106506,0.4663275215590159,0.28656069903782755,0.26971944281779187,0.020703933747412008,0.805383022774327,0.3933444080368412,0.4602466966017587,0.14586562568326833,0.1470588235294119,0.6417112299465241,0.4827640869509801,0.3216463696624,0.21999462658611904,0.09846153846153838,0.7169230769230772,0.38956005133203125,0.6690202043986532,0.05011779359340839,0.5456466610312765,0.8833474218089603,0.6708910444137041,0.5716799452563661,0.08104453459791756,0.34769071094966275,0.8666320705760249,0.5773846323187183,0.4088390256162755,0.12064284600530377,0.17811874583055365,0.6651100733822548,0.42623336029818804,0.531628705046999,0.08357594380665877,0.3316013603135503,0.8909189429978093,0.5381449809675923,0.3047496228706757,0.04837302996063195,0.07726348873755895,0.742141435306443,0.30855727732266974,0.5370321988755766,0.05386171632503109,0.376969003338102,0.8748230805913209,0.539721088450369,0.5028965033892921,0.03806165242762334,0.2896174863387978,0.6885245901639344,0.5043319138440032,0.492985971943888,0.054557911252860136,0.21014492753623187,0.7826086956521738,0.49598968653818926,0.5890604738889551,0.03286433165500862,0.4509803921568627,0.7450980392156863,0.5899746958437324,0.4882849811773084,0.04348351628640494,0.30841121495327095,0.6915887850467289,0.4902134737246162,0.4523729540004847,0.02702067697139681,0.35260115606936415,0.5895953757225434,0.45317760683293845,0.5077315124075319,0.015034504243982423,0.45061728395061723,0.5679012345679012,0.5079536120856988,0.41881994076649154,0.024257418930777458,0.30973451327433627,0.5309734513274336,0.4195204237622717,0.48151159461780646,0.029136221629167066,0.24,0.64,0.482390540870054,0.6445120059286819,0.2128929600578893,0.1785575885054087,0.8661730392760305,0.6786960363421713,0.38695473732593655,0.21526388418048004,0.14686857177605595,0.7892487107956379,0.44269588406283567,-0.7502190663655586,0.7908482119944877,1.0,-0.5102358549885203,0.8460483899822543,-0.7132428825653003
13,0.4220832868147824,0.18456423504484637,0.2278106508875739,0.7988165680473369,0.46053199088948593,0.36146724481425035,0.2619024732172811,0.09316770186335403,0.8115942028985508,0.4460859036084749,0.3061446877207145,0.07974737547404721,0.1577540106951869,0.5240641711229945,0.3163229600557077,0.4320696661828738,0.15628150122774473,0.2400000000000002,0.6769230769230772,0.459364711718502,0.7040080384057169,0.035126541419956095,0.558748943364328,0.8732037193575655,0.7048805118060946,0.5578051717891732,0.07751014545914921,0.3928386092371563,0.7451997924234562,0.5631445296679907,0.4899291351467019,0.07676484019923532,0.01867911941294198,0.6611074049366243,0.49588422138814486,0.5303527816974488,0.11650043351558091,0.16808781535372475,0.8624527530392636,0.5429504651850271,0.3070682072012415,0.04880547868212816,0.020689366160293376,0.6532215819800942,0.3109081376214142,0.5361271753898204,0.07409170449142123,0.2384358607534573,0.789459227467811,0.541203486192707,0.5047530673265284,0.04098603306081358,0.30601092896174864,0.644808743169399,0.5064081109209092,0.49343724364232994,0.04421909803233434,0.3115942028985507,0.7536231884057971,0.49540716935216655,0.5882352941176476,0.03122116376807997,0.43790849673202614,0.7320261437908497,0.5890601361228397,0.48908481749250593,0.052493422041266696,0.27102803738317754,0.7570093457943925,0.49188323789501287,0.453004689715346,0.04631628212748423,0.20809248554913296,0.6705202312138728,0.4553573890994342,0.5078034008851617,0.02156317590637031,0.43827160493827155,0.6419753086419753,0.5082592939630686,0.41813324428118137,0.03212786743931021,0.2743362831858407,0.5486725663716814,0.41936107919723514,0.48056064690026934,0.02656004284435733,0.3657142857142857,0.6171428571428571,0.4812912935041797,0.6219274702368236,0.2314543409284525,0.1792562218098379,0.8552638650034132,0.6634476128756693,0.549096779132594,0.10805485955355225,0.3876181354556487,0.7224554535805996,0.559588300186413,-0.33322079067161714,0.8416156514578106,1.0,-0.2039901328784728,0.23932167127607917,-0.7956431140024594
14,0.5262271262818746,0.19926808637850732,0.33431952662721887,0.9230769230769229,0.5625668403780232,0.42416539569564493,0.2984820605543947,0.10766045548654248,0.9999999999999999,0.5183539057757598,0.31240603650065624,0.1069602023104761,0.1390374331550801,0.6256684491978609,0.330147395947673,0.5149301943607993,0.22734545313966112,0.2830769230769228,0.953846153846154,0.5627211781553858,0.7050835832658991,0.030766661887448334,0.5346576500422654,0.8508030431107354,0.7057521365437337,0.5620153392417547,0.08655805095616585,0.3310845874416191,0.7752983912817852,0.5686183911487617,0.5100149803308965,0.09927073272662995,0.33222148098732485,0.7004669779853235,0.5195525849307255,0.53200933418242,0.12805480647092138,0.12029732757560352,0.8632838341428064,0.5471504446919195,0.3108322182432344,0.04542761039037877,0.023572551073860637,0.539025667888947,0.31412257427685325,0.5318043434358861,0.07965744702177026,0.28302145922746774,0.7498826895565093,0.5377160843725602,0.5058436886218233,0.054891030756007195,0.3005464480874317,0.7049180327868853,0.5088026533599997,0.4947650729795245,0.04825850059011496,0.3405797101449275,0.6811594202898551,0.49710468965823734,0.5882352941176481,0.02628927773165467,0.48366013071895425,0.6928104575163399,0.5888203697612329,0.4865799713972134,0.06697757805365423,0.0,0.8878504672897196,0.49115180965604155,0.451278464608233,0.05571428565113087,0.0,0.8208092485549132,0.4546925199417202,0.5063046439084402,0.025838308016864993,0.37037037037037035,0.691358024691358,0.5069611767572383,0.4176613233395264,0.03840805137895212,0.2743362831858407,0.5929203539823009,0.41941734546775655,0.481545500762582,0.04150723684115196,0.2571428571428571,0.6571428571428571,0.48332472404539345,0.5252797980948275,0.26135774000640516,0.06842261282470563,0.7876112780158755,0.5865011901510924,0.582755425686568,0.14986981224194848,0.4043077111306044,0.8178888158391995,0.601651821691222,-0.5061899993266543,0.7060215590811318,1.0,-0.09770300261016056,0.49817298923215175,-0.6871294211392219
15,0.506970349884228,0.21501827330236367,0.25147928994082824,0.9704142011834318,0.5505689427762522,0.40399113331532993,0.2598517022686861,0.09523809523809525,0.8881987577639752,0.48015440933989706,0.296362764473379,0.10874077121994502,0.09893048128342219,0.5668449197860961,0.3156316073336004,0.4986789297658855,0.20193630266273374,0.28000000000000025,0.8553846153846154,0.5379108985773904,0.7075921570068726,0.032618964921891015,0.5828402366863905,0.8296703296703296,0.708341560431382,0.56172158796056,0.07134911396971119,0.3949143746756617,0.8230409963674106,0.5662225755230696,0.5082337500362565,0.08949710904585044,0.16677785190126748,0.6497665110073382,0.5160324714840725,0.5216960316527719,0.08737456541659533,0.16704730181208927,0.7483885337402307,0.5289426421679935,0.3067595258159291,0.04455055394776447,0.07228915662650598,0.6291251964379254,0.3099689745578236,0.536623333540669,0.07059304150516714,0.33333333333333326,0.8326180257510729,0.5412341802053349,0.5046774768353525,0.04726475516721622,0.15300546448087432,0.7978142076502732,0.5068799090222146,0.49462429111531214,0.05379309294706573,0.2536231884057971,0.7753623188405797,0.49753293650117353,0.5891410912190979,0.031561668525893184,0.4771241830065359,0.7581699346405228,0.5899836077245939,0.48722572125152497,0.047815117893306315,0.30841121495327095,0.7757009345794392,0.4895599822451627,0.45162101030409535,0.035912073779664495,0.2658959537572254,0.7630057803468208,0.4530427236299752,0.5072799248523893,0.01887712747862521,0.4259259259259259,0.6481481481481481,0.5076300816231488,0.4191275490573305,0.03330136568618627,0.2654867256637168,0.6106194690265487,0.4204448475129192,0.48288819875776345,0.04142594225875326,0.32,0.7885714285714286,0.4846570517930247,0.5497535506420429,0.24721164345163818,0.023232073187889668,0.7743313329131338,0.6026412643899003,0.5767676571165621,0.14601179652383825,0.39301589509801915,0.7471049278872084,0.5949138103508257,-0.4821678100646328,0.6868573298612602,1.0,-0.4761150757570384,0.625970479577931,-0.8100668749593831
16,0.47695627550920794,0.08201928482965502,0.3195266272189349,0.6656804733727808,0.48393413805312435,0.4414720975203112,0.23675347622778062,0.13043478260869568,0.9565217391304348,0.5007642465350067,0.30722189866045396,0.0917585897722262,0.10160427807486605,0.5695187165775399,0.3205887493764143,0.472952526021833,0.11926817381093453,0.28923076923076874,0.7015384615384619,0.48771102335184546,0.7067044405201295,0.034187550429941184,0.5680473372781065,0.8478444632290787,0.7075281601937384,0.5386851087807277,0.08858934674956265,0.3305656460819928,0.813700051894136,0.5458972591529617,0.5075286714795562,0.07878002909947801,0.276184122748499,0.6911274182788525,0.513586567721145,0.5226114128401802,0.11358593615995649,0.12009121946192486,0.8167432923444133,0.5347727308324413,0.30220388052424935,0.04716344744048041,0.1436605552645364,0.6774478784704032,0.3058500203608096,0.534859625018296,0.08858760907121792,0.1804978540772531,0.8187887458273724,0.542122387236368,0.5062670201446375,0.06044001105483228,0.2896174863387978,0.8087431693989071,0.5098502079371352,0.4970105706222799,0.08266078581321619,0.18115942028985504,0.9130434782608696,0.5038152065076085,0.5890765547142959,0.04637193078341678,0.3071895424836601,0.8169934640522876,0.5908929229515907,0.4881712470312454,0.07914172506026085,0.18691588785046725,0.9999999999999999,0.4945239202957642,0.4498368912035718,0.05571622616320038,0.2023121387283237,0.8208092485549132,0.45326292738112955,0.5069673634030071,0.02619872603454257,0.3518518518518518,0.6358024691358024,0.5076416211692978,0.415783171237477,0.03862443661427767,0.23893805309734512,0.5221238938053098,0.4175674424572187,0.48147100424328126,0.0394062168980397,0.26857142857142857,0.6514285714285715,0.4830756182421006,0.5509787876388949,0.16462617706288057,0.14269386844242415,0.7563515357201306,0.5749695277055196,0.5795226298894179,0.11247373169871334,0.38957473788484553,0.7782558628105294,0.5903008288814171,-0.21515171501180114,0.8487523053407182,1.0,-0.05383961131119394,0.26647418115871246,-0.8047171740433994
17,0.5220697469469969,0.11848540707372668,0.3106508875739644,0.7130177514792897,0.5352904565071422,0.49041892427646355,0.2071100271374976,0.1946169772256729,0.9358178053830228,0.5321867666267257,0.33843440664466923,0.09554456845730212,0.18716577540106938,0.6176470588235292,0.3516074037274758,0.48958428805237264,0.12641814136941523,0.32307692307692326,0.7569230769230768,0.5055752317848793,0.71137029909534,0.038857242803077056,0.6001690617075233,1.0,0.7124262507160604,0.5247380450264443,0.08441929536957134,0.3118837571354437,0.7368967306694344,0.5314567783905378,0.509079812073297,0.07765135739492511,0.06871247498332222,0.7484989993328885,0.5149430356129314,0.5295100348976262,0.12320673688313623,0.19073311326305714,0.7783074534677691,0.543595604978066,0.30722397601506846,0.03662663797114548,0.1436605552645364,0.41841173389209,0.3093903254657352,0.5334725717590478,0.11120069008143009,0.1130185979971387,0.7107792083929423,0.5448907768967084,0.5038483897221252,0.06627660695636409,0.2568306010928962,0.8688524590163935,0.5081703420987079,0.4968239284613012,0.08393349568915273,0.2391304347826087,0.963768115942029,0.5038341687332183,0.5883187317480187,0.05543130540975628,0.3333333333333333,0.9411764705882353,0.5909132632843583,0.48443030423543476,0.054338922234768675,0.2990654205607476,0.6635514018691588,0.4874555091203974,0.4486778993973685,0.03683689718715328,0.2832369942196532,0.5953757225433526,0.4501811192363906,0.5055686892566323,0.029501269944643065,0.4012345679012345,0.6604938271604938,0.5064250398377655,0.41611749199773984,0.05343316394867701,0.19469026548672566,0.5929203539823009,0.41951963098470973,0.4800243161094221,0.046421567229248666,0.27428571428571424,0.6799999999999999,0.48225422331969553,0.5038321723927431,0.16057863401778147,0.16128461813200023,0.7362518539672449,0.5286989976526029,0.574114654741439,0.09036613002825837,0.44889906259868306,0.764827593923741,0.5811530995784222,-0.027975679324152642,0.6599702314113008,1.0,0.18863222933424906,0.057551142250280095,-0.6086367672970807
18,0.4934698011621078,0.165220421468787,0.3076923076923076,0.7781065088757395,0.5202761471774107,0.40468729599164394,0.284157664816507,0.09316770186335403,0.8819875776397516,0.49411908199243193,0.35963771257888916,0.10926484470199305,0.10695187165775422,0.6176470588235292,0.3757982333513883,0.4485516285516289,0.18624874214749662,0.22769230769230786,0.8153846153846156,0.4855212688442527,0.6968198122044279,0.042233865663953235,0.4099746407438715,0.8892645815722737,0.6980927699149395,0.5502882228362249,0.0850272214474278,0.3788271925272445,0.8053969901401142,0.5567891797491086,0.47885076537511495,0.09637130087704938,0.19279519679786528,0.7178118745830554,0.48840930363114615,0.5359966233249637,0.1389309902004598,0.1209223005654676,0.8784527264446683,0.5536309737709194,0.3140524117622074,0.062292225084245784,0.13213619696176007,0.7530099528548977,0.320143342449603,0.5279153488252201,0.0783046922217458,0.2556032427277062,0.7336690510252741,0.5336652700125393,0.5044552749470785,0.07435308213392801,0.0,0.7704918032786885,0.5098809690784977,0.495756626191409,0.08395348129470033,0.0,0.717391304347826,0.5027833239517804,0.5890007654713536,0.048785816472488544,0.43790849673202614,0.8235294117647058,0.5910086603783873,0.48720215542645456,0.06750250545197682,0.1775700934579439,0.8971962616822429,0.49183534167667786,0.4515700671770038,0.0631169103044138,0.052023121387283267,0.8092485549132948,0.4559400455566236,0.505755755755756,0.035622742950769934,0.32716049382716045,0.6234567901234567,0.5070031046947526,0.41461372877302066,0.06424700161808702,0.0,0.7079646017699115,0.4195397813835604,0.48051480051480033,0.07961139172628212,0.03999999999999998,0.8685714285714285,0.48703582802020423,0.5564130157370722,0.23428801735002233,0.14432316572850334,0.7931313253205274,0.6035222141407903,0.5292666230913521,0.14473011620868925,0.33562842169691376,0.7868005555465651,0.548612440500487,-0.391486721526128,0.813840279660253,1.0,-0.13348022527451128,0.3999487449929831,-0.7415568796615198
19,0.4284630556819909,0.22219026039524006,0.2781065088757395,0.9999999999999998,0.4825022806868814,0.2882093751658975,0.270109213990095,0.043478260869565216,0.8571428571428571,0.3947350643820039,0.32161738044091015,0.09547658487903356,0.09358288770053491,0.6149732620320855,0.33545125843198464,0.4079070786763082,0.19210127224091816,0.2584615384615381,0.8000000000000003,0.4507615191728471,0.6964896816967825,0.02747701466995836,0.6090448013524936,0.8355874894336432,0.6970299219452761,0.5844684251534273,0.07230185515032446,0.406850025947068,0.8178515827711469,0.5889108633156088,0.4689546117164529,0.07447093216389734,0.36757838559039363,0.6664442961974649,0.47481422393011435,0.5195500061878847,0.09410018814697305,0.1817973292377657,0.7652162639247639,0.5279790022901741,0.3071327808446717,0.04707040199182059,0.07399057097957046,0.668018858040859,0.3107086344109925,0.5371506547815567,0.06119275440906663,0.36528373867429653,0.7744396757272293,0.5406151226905426,0.5040399794498156,0.052551552391307495,0.2677595628415301,0.6830601092896175,0.5067643422234608,0.49304265246294265,0.06881871898235169,0.2608695652173913,0.7898550724637681,0.4978087788566553,0.5881794313166876,0.029373300627303752,0.49673202614379086,0.7320261437908497,0.5889103294393336,0.4871262347897868,0.05049628844388944,0.20560747663551399,0.747663551401869,0.48972908752240285,0.4513446305353815,0.037644729678005785,0.16763005780346824,0.6647398843930635,0.45290734570171365,0.5082480391122373,0.02039929132986152,0.3950617283950617,0.6049382716049382,0.5086560869482862,0.4177697098051082,0.03400487050702893,0.2831858407079646,0.5309734513274336,0.41914742902457264,0.4811721611721608,0.03610574785312155,0.3085714285714286,0.6514285714285715,0.4825210458453622,0.6515221479558583,0.2610507522643756,0.02377665504072568,0.8359076837433685,0.701736739900847,0.508984865538307,0.12175176336728973,0.40342926354431796,0.7405018194915738,0.5233037865900534,-0.5176211213760106,0.8140122024375814,1.0,-0.43874650099482504,0.5985547231886348,-0.8431895259249644
20,0.4376129682832623,0.16656251725814072,0.22189349112426027,0.7692307692307689,0.4681441830731896,0.34505668617230184,0.23075300519526049,0.08074534161490685,0.8322981366459627,0.41489740180300466,0.2680502776965799,0.1147763634972866,0.010695187165775444,0.5481283422459893,0.29151707686625217,0.45072470937422676,0.10915443946664061,0.2953846153846156,0.6400000000000001,0.4637123509139194,0.7069538178862932,0.03206477433958518,0.5765004226542687,0.8267117497886729,0.7076782774889271,0.5703566011510153,0.0969515786134043,0.280747275557862,0.9662688116242866,0.5785119162561122,0.5030770781807377,0.056083620138963126,0.36490993995997334,0.6631087391594396,0.5061835687781512,0.5233011678757856,0.10708830751553047,0.19114865381482848,0.7957601566421664,0.5341115460389779,0.30522769282077283,0.051089405128627065,0.08669250916710322,0.5202975379779988,0.3094603029287494,0.5402151780142206,0.10652181068357908,0.16881258941344773,0.8586094420600857,0.5505840984914258,0.5045244495985098,0.04419199818238823,0.3114754098360656,0.6721311475409836,0.506449971290013,0.4925672212125452,0.04927088333915002,0.2536231884057971,0.6956521739130435,0.4950174557590413,0.5880671668453024,0.02994179848677598,0.47058823529411764,0.7843137254901961,0.5888264781284068,0.48586110526790294,0.04486467587782575,0.2523364485981308,0.8411214953271027,0.48792149020328035,0.4506440161329292,0.0322129610613593,0.19653179190751446,0.6589595375722543,0.45179018090441336,0.5072049541502923,0.01662015970353241,0.41975308641975306,0.5987654320987654,0.5074763117868173,0.41783569985487823,0.027181374658060226,0.3185840707964602,0.5309734513274336,0.4187160416697552,0.4814331649058337,0.029253494334420448,0.36,0.6571428571428571,0.48231826374279557,0.626943378539032,0.1954557426405719,0.2060670124009707,0.8531989794892907,0.6566110783151399,0.5686559157371508,0.07944783154276015,0.4255575068869193,0.7158785505398688,0.5741613124854549,-0.19588662732916914,0.6620988592995677,1.0,0.033966728666486465,0.22970303575084416,-0.3823093094882183
21,0.31580598888291167,0.18233809220416064,0.12721893491124248,0.7100591715976328,0.3644923403798568,0.32732605558692546,0.2760988493628832,0.041407867494824016,0.9109730848861284,0.4278833592335815,0.25860881542699715,0.1123187385457973,0.008021390374331583,0.5962566844919786,0.28186208057116374,0.4179137529137526,0.11675310262997847,0.2769230769230768,0.6769230769230772,0.43385661016677435,0.7076737365198904,0.03225498681073962,0.5460693153000845,0.842349957734573,0.7084056469883901,0.5557645736031825,0.10521254615523855,0.2968344577062792,0.9278671510119356,0.5655988070489835,0.5109416378595835,0.057984940033819994,0.21681120747164773,0.6751167444963309,0.5142089796585775,0.5364218649278641,0.13714541553115933,0.08019932649187372,0.8738817803751833,0.5536118102724503,0.30780867342889334,0.04238819230406365,0.04269041382923,0.5011775798847563,0.310702643020845,0.525744786925044,0.10201197741639477,0.17763662374821165,0.7594201239866476,0.5355134042846496,0.5036222884583542,0.07422331819421851,0.1748633879781421,0.7704918032786885,0.5090418868709227,0.48841677646025494,0.0835889297623299,0.04347826086956519,0.9565217391304348,0.49549126166259605,0.5862547039017626,0.04186747651349709,0.4771241830065359,0.7581699346405228,0.587742140499054,0.4837864627584253,0.0703764336269351,0.20560747663551399,0.9813084112149532,0.48885930817736406,0.4496190225959016,0.07978707809480685,0.005780346820809246,1.0,0.4566170493516542,0.5063365132809577,0.027513291203850848,0.37037037037037035,0.6419753086419753,0.5070806430158641,0.41807455081791306,0.05860609486179004,0.09734513274336282,0.7168141592920354,0.42214688707417636,0.4810173160173159,0.061917456399129996,0.19428571428571428,0.72,0.48497103816006465,0.6983569411396264,0.22815728195981494,0.251719434251245,0.9367462697938511,0.7345481479765193,0.5802952023969885,0.0661251008237212,0.4884291150756397,0.7071790563654463,0.5840363758142258,-0.050916254002799304,0.7658146936498874,1.0,0.1869435422831656,-0.08559311783830444,-0.6578623429413709
22,0.3377634256061814,0.21525610051377425,0.12426035502958577,0.7840236686390529,0.4003412952688999,0.2671003389697674,0.27234161521596545,0.012422360248447215,0.7950310559006211,0.3811542625152711,0.2663253428701569,0.09901593975472692,0.018716577540107027,0.5267379679144384,0.28408170768721247,0.4036398932298,0.1371236223778563,0.26769230769230745,0.6676923076923074,0.4262261560686687,0.7037846889824563,0.022662777213245656,0.6394759087066779,0.8368554522400675,0.7041483293477552,0.5798817730441891,0.08335727850193658,0.3715620134924754,0.7919045147898288,0.5858236827169376,0.4922251006454351,0.061680279587573224,0.37891927951967974,0.7064709806537691,0.4960625012577722,0.530100567315362,0.11552571494609339,0.19717565397772036,0.9372500523581095,0.5425041020430778,0.3082809074729861,0.0407037744733404,0.05775170246202199,0.46280565741225765,0.3109480481993362,0.5421045838354028,0.06296180012349427,0.39651692894611346,0.8934172627563185,0.5457371737057666,0.50283566909724,0.06779283358734395,0.14207650273224043,1.0,0.5073707524040576,0.49339368170804215,0.055692600630639584,0.18115942028985504,0.7898550724637681,0.496517075718278,0.5894517638811575,0.0356019893195597,0.4444444444444444,0.7124183006535948,0.5905225526245544,0.4881040125003688,0.03699538110821296,0.3457943925233644,0.6635514018691588,0.4894996095079892,0.45185171678124003,0.02218507632801573,0.34104046242774566,0.5895953757225434,0.45239429589581676,0.5072827822564943,0.020445736323590123,0.4012345679012345,0.6234567901234567,0.5076933430792316,0.41897211133134143,0.039973702982676565,0.19469026548672566,0.6017699115044248,0.42086872813178666,0.4826498422712931,0.07165088932711272,0.0,0.8742857142857143,0.4879226630067975,0.715613579758654,0.2512983623274252,0.1835551274687115,0.9513772776997835,0.7583234457355559,0.5509032819556895,0.08215393448411257,0.436940719824374,0.7790647714400778,0.5569761251180535,-0.2622889056668552,0.8217232791066228,1.0,-0.08160311824305107,0.21577163327603477,-0.6430961345924991
23,0.283368229403732,0.2901364379842291,0.029585798816567976,0.8402366863905322,0.40523782314118967,0.27095397356266937,0.320301491133502,0.020703933747412008,0.8819875776397516,0.41915800135911363,0.2608802961744132,0.10815345646739057,0.08556149732620288,0.6122994652406417,0.28234678639066746,0.41652071005917124,0.20241825990063075,0.2400000000000002,0.8492307692307692,0.4629649906987071,0.7078769750959103,0.026245291517398038,0.6073541842772612,0.8402366863905326,0.7083618480451872,0.5762851782363979,0.084645363210387,0.34353918007265183,0.8526206538661132,0.5824494815124216,0.505173705547288,0.06301377112667969,0.26751167444963303,0.6784523015343562,0.5090766057095412,0.50861388202075,0.0896283219203306,0.22916895213970145,0.810513508392257,0.5164267609496652,0.30350140629407224,0.03797285732883614,0.10476689366160288,0.573598742797276,0.30586043350556985,0.5437453240893588,0.07215664908709539,0.3195040534096327,0.8526466380543634,0.5484975289134754,0.5051029844472469,0.034849641710018524,0.3715846994535519,0.6557377049180328,0.506300094320911,0.4949832775919732,0.04810280457627924,0.2536231884057971,0.8405797101449275,0.49730795818448087,0.5890598290598292,0.030543914009615723,0.46405228758169936,0.6993464052287581,0.5898487453060092,0.4884255930984905,0.04853098986424633,0.2523364485981308,0.7850467289719625,0.4908233592915794,0.45214762116496254,0.03154286572451449,0.2601156069364162,0.6069364161849711,0.45324316024769346,0.507559354226021,0.014487161416541841,0.4320987654320987,0.574074074074074,0.5077654282542846,0.4185976855003399,0.02084961993238783,0.34513274336283184,0.5132743362831859,0.4191150097510702,0.48251428571428556,0.0322969342617997,0.36,0.72,0.4835906516542134,0.7379177362028714,0.3225013003324823,0.19467035056754312,0.98454724534854,0.8051146827051883,0.5718993389575913,0.10183183197131516,0.4587030082828951,0.8314731690128578,0.5808671698984487,-0.3709288855051068,0.7950471910233344,1.0,-0.05178338329426423,0.4579878207262936,-0.6454863440243577
24,0.32032358785126275,0.08566293467290119,0.1627218934911242,0.5710059171597632,0.3315392304227194,0.3500798362020885,0.2527604616745923,0.09523809523809525,0.8198757763975156,0.43151824315272136,0.18522209286263974,0.12340642033481732,0.0,0.4786096256684491,0.2224413903903886,0.4737099063298324,0.14305902760182737,0.3107692307692309,0.7815384615384615,0.4947640254314719,0.7151091882854582,0.029495262332243102,0.5769230769230769,0.8558748943364327,0.7157149652250453,0.5597519804985287,0.09280135193086729,0.37623248572911266,0.9159314997405295,0.5673646020496315,0.5499607364319137,0.09362351816891318,0.25350233488992663,0.7971981320880587,0.5578439120915215,0.5225246715472409,0.10502030281087268,0.14814186886869912,0.7444392363361956,0.5329358291453917,0.30302024784522336,0.035467556609431614,0.1581980094290204,0.4457831325301204,0.30508126180259737,0.532691235238533,0.08957028430866289,0.284692417739628,0.8435860753457319,0.5401418178319707,0.5052325933095398,0.03762940440998991,0.3551912568306011,0.7704918032786885,0.5066268058732402,0.4941440718755019,0.04831727416111975,0.3115942028985507,0.8260869565217391,0.49649200209396205,0.5891035380942043,0.03280831089356601,0.4771241830065359,0.7843137254901961,0.5900130438875539,0.4895678863330683,0.056219061377122424,0.23364485981308408,0.7663551401869158,0.49277341194849905,0.45186954759721076,0.04665950195047928,0.21965317919075145,0.7167630057803468,0.45426331962307637,0.5078128559063364,0.01768777885123594,0.4444444444444444,0.6234567901234567,0.5081196706373842,0.41857427423831695,0.022379964595489004,0.35398230088495575,0.5221238938053098,0.41916993888774845,0.4808223510806529,0.02958904713266623,0.3542857142857143,0.6571428571428571,0.4817285691532412,0.6824580851018109,0.17284153961384324,0.2935512409673635,0.8405790274733533,0.7039268419691102,0.6472098732136417,0.14523261377642163,0.47930374252383645,1.0,0.6632460327371459,-0.17552755451172927,0.8597291121017806,1.0,0.0608877765760985,0.29249505129480546,-0.6000952744910155
25,0.40885298133818754,0.19385717138093586,0.16863905325443784,0.7011834319526626,0.4523504311865253,0.3832019429845517,0.2443459820922796,0.05383022774327122,0.732919254658385,0.45426569980993786,0.19153640477169886,0.07494370006054912,0.03208556149732633,0.3983957219251335,0.2056325624569199,0.5171696252465484,0.1415712569727643,0.31999999999999984,0.7846153846153849,0.5361367396012848,0.7207935062964654,0.029986659919289407,0.37489433643279796,0.8220625528317835,0.7214149959917056,0.5651304671802855,0.06682017366452933,0.4042553191489362,0.7374156720290608,0.5690545403148216,0.5514360000684217,0.058868635183379356,0.2154769846564376,0.6844563042028018,0.5545593484525074,0.5314944577119085,0.10273234179689625,0.1766047345028307,0.8487432391552228,0.5413007167165476,0.303545942969201,0.031068116519596144,0.18936406495547403,0.5657412257726557,0.3051266518645743,0.5349355000427963,0.07260017976236686,0.28278493085360035,0.734142107773009,0.5398239358924045,0.5058497968334034,0.04398565632049025,0.3005464480874317,0.6939890710382514,0.5077524533029141,0.4952619843924194,0.052261822308890656,0.30434782608695654,0.7246376811594203,0.49800298904211276,0.5890103904809787,0.03735104952114158,0.45751633986928103,0.803921568627451,0.5901896894369142,0.48729930505631397,0.0520157332779756,0.2897196261682242,0.747663551401869,0.49005874883010353,0.4514599081073074,0.036459126438630106,0.2832369942196532,0.6127167630057804,0.45292500047456596,0.507320354542577,0.01518183782110082,0.43827160493827155,0.574074074074074,0.5075467383291931,0.41757431359201247,0.020963616071928426,0.3185840707964602,0.49557522123893805,0.41809851949356064,0.4823809523809518,0.024243300168908875,0.3657142857142857,0.5828571428571429,0.48298782287824316,0.6217507082584796,0.230321092797407,0.27459784922789954,0.8962710496264907,0.6629115506526968,0.6547713099298016,0.07568050860155835,0.5204681054100511,0.7967670265878817,0.659116567984267,-0.2363363123335729,0.748883475826709,1.0,0.08532534786636545,0.09281241135625623,-0.5347391461855207
26,0.32927727764602993,0.23040516073951728,0.0798816568047338,0.7455621301775146,0.4016260714449985,0.34646462205250894,0.24988115010088857,0.039337474120082816,0.7763975155279503,0.4268903419132061,0.24156765642231448,0.09149672013043049,0.08556149732620288,0.47593582887700525,0.2582518304120535,0.43988027536665597,0.13646363210806953,0.26769230769230745,0.7969230769230768,0.46048291949260123,0.713139449595601,0.025681229120485465,0.6018596787827557,0.797971259509721,0.7135999116111634,0.5544474486056228,0.07092965014712106,0.39231966787752987,0.7872340425531916,0.5589484883246173,0.5176628777161423,0.06048930980361911,0.3482321547698466,0.7078052034689792,0.5211713483880904,0.5383286520507377,0.1385180806992866,0.18429057254839393,0.9756892155591681,0.5557970292339554,0.3065073367399556,0.032049032542954076,0.19709167103195388,0.4553420639078051,0.30817185352781457,0.5351084094565329,0.07913097377206259,0.2882708631378159,0.7670500715307582,0.54090512684475,0.5061555144479172,0.08192176284150189,0.08196721311475413,0.8306010928961749,0.5127167507608964,0.4978571025771164,0.07640107972231185,0.07971014492753625,0.7681159420289856,0.503662691710082,0.5900155133389284,0.0655467774963207,0.1633986928104575,0.8562091503267975,0.5936311721841167,0.4877631913887778,0.05063837171169196,0.24299065420560745,0.6915887850467289,0.49037454864376956,0.45214907446976,0.02562829283770935,0.36416184971098264,0.5433526011560693,0.4528719899254768,0.5082624777825816,0.030205028550259715,0.31481481481481477,0.7530864197530863,0.5091557130149191,0.41802968217347863,0.042377946821828556,0.2654867256637168,0.6106194690265487,0.4201639176019218,0.4819121734296832,0.07488700824449886,0.19428571428571428,1.0,0.487673646656058,0.6832066764967933,0.2500441110975687,0.24986407941202038,0.9431518542554882,0.7273583324717343,0.597648824546943,0.06839567062865881,0.47738809544707417,0.7801179725816432,0.6015346066801978,-0.17426272193233258,0.7209287207056119,1.0,0.1823433307729779,0.10910998650740619,-0.5650349475780896
27,0.33733189887036047,0.19589601706238288,0.1597633136094675,0.7159763313609466,0.3899083394011563,0.32684359119141726,0.2725041465285292,0.03312629399585923,0.8115942028985508,0.425223719979429,0.23789985415653855,0.10391824821871157,0.06417112299465244,0.5320855614973263,0.2595304872673508,0.4423832167832165,0.1519469547408095,0.28000000000000025,0.7846153846153849,0.4676610221409391,0.7103158380081461,0.0297605321417766,0.5595942519019442,0.8850380388841927,0.7109367470530057,0.5626852856536303,0.08710788728444581,0.37104307213284904,0.9610793980280229,0.5693636120936689,0.5190660440293527,0.0653009783658143,0.3102068045363575,0.6911274182788525,0.5231426856923056,0.5101517070556971,0.10221128945640083,0.12237835465887442,0.7589864799726076,0.5202537095266213,0.30643683984951664,0.04490090687738105,0.07739549502357254,0.6563645887899423,0.3096971052718692,0.5388407543243591,0.07165933688529166,0.3278474010491177,0.7944682880305197,0.5435676095355418,0.5037853949329361,0.04512263387676694,0.22404371584699456,0.6557377049180328,0.5057947927864979,0.49291172595520444,0.04735985455199056,0.3188405797101449,0.6884057971014492,0.49517347384965105,0.5889007724301836,0.02735365775336073,0.49673202614379086,0.6928104575163399,0.5895333930761925,0.4873746813933729,0.05606591805694464,0.14018691588785043,0.8317757009345794,0.4905772484859734,0.45103520756700016,0.05560540316580166,0.03468208092485553,0.884393063583815,0.45443753787753594,0.5068686868686874,0.01970990204414719,0.382716049382716,0.6049382716049382,0.5072503655111188,0.41811745776347475,0.027045633246204896,0.24778761061946902,0.5132743362831859,0.4189880844211524,0.4820987012987008,0.029860204511055054,0.26285714285714284,0.6057142857142856,0.48301919973209406,0.6861871217993832,0.24333754295935858,0.2523789685523692,0.9133008479466586,0.7279083770335927,0.5973627781931302,0.09881908679983878,0.44647767288763673,0.8028291510084329,0.6054518897691674,-0.2339122104805131,0.7672739613899603,1.0,-0.1850404230430714,0.23044230405429983,-0.5927359269517285
28,0.22497382326442042,0.12408289813997539,0.08579881656804733,0.44674556213017735,0.2568003629528563,0.3087101364074,0.2451537122793146,0.05590062111801243,0.8447204968944099,0.3938971495861135,0.2240267599744725,0.12982786095125293,0.08823529411764719,0.5909090909090908,0.25879315948937137,0.39630262741373834,0.06803390643442005,0.30153846153846153,0.516923076923077,0.402076282727549,0.7110888478409851,0.03908333265775217,0.3960270498732037,0.9830938292476754,0.7121576864563524,0.546759179175716,0.0952629146812831,0.11831862999481063,0.8173326414115205,0.5549624105767609,0.514455453155327,0.06429623775806628,0.07738492328218805,1.0,0.5184413246452709,0.5111481629639639,0.11049476077359906,0.0,0.7824628589854827,0.5229065819840516,0.30602814909665527,0.04761804210417705,0.13789837611314823,0.7151639601885803,0.30969561635329407,0.5363571160839217,0.08961230969720319,0.16094229852169767,0.784217453505007,0.5437612299982993,0.5047111470912324,0.05434834869784876,0.2677595628415301,0.8961748633879781,0.5076169123298764,0.4958251327011392,0.04473602336861987,0.3115942028985507,0.644927536231884,0.49783093330363176,0.5894456548051318,0.02145903462987815,0.5163398692810457,0.6928104575163399,0.5898345319787854,0.4882504519056952,0.04386313189996231,0.3457943925233644,0.7663551401869158,0.4902086908004721,0.4519374866195681,0.030447977001423383,0.32947976878612717,0.5953757225433526,0.45295778608422654,0.5071127368795412,0.025069062501183643,0.32098765432098764,0.6296296296296295,0.5077294550778654,0.41825995119997017,0.03197411899989354,0.15929203539823011,0.5486725663716814,0.4194752959179961,0.4820928865373305,0.052388268907589366,0.23428571428571426,1.0,0.48491936196024404,0.760176885689582,0.18676403145424658,0.3469715650006149,0.9412196931927315,0.7826916114158534,0.5964434232650674,0.04092954254231402,0.4843931024789838,0.6878794433267204,0.597840355503659,0.18965026077117494,0.8183079556834305,1.0,0.4590614889959182,-0.3432944939606993,-0.6314328878136118
29,0.2785145888594158,0.19344411576925338,0.07396449704142005,0.6834319526627217,0.3389568455992113,0.28397339791642656,0.22608201009076243,0.039337474120082816,0.722567287784679,0.3627924855366279,0.23931545128299642,0.08129185296356733,0.01604278074866272,0.4786096256684491,0.2527107472199306,0.3944419506223217,0.12334839789101795,0.2400000000000002,0.6615384615384619,0.41322986586284893,0.7093450316261984,0.021486144225931564,0.6407438715131022,0.8478444632290787,0.7096695031766594,0.5667872023830003,0.06669428602792894,0.38557343020238716,0.7752983912817852,0.5706873590911875,0.5006485313816641,0.05388875872107294,0.36557705136757834,0.6370913942628419,0.5035327669355876,0.5332014343692696,0.09588499000182495,0.172449328985117,0.879283807548211,0.5417317729609367,0.30519404801769645,0.030793055477879857,0.2269502357255107,0.4908328968046096,0.3067394726134759,0.5318631416106628,0.0749187637216693,0.16404387219837857,0.7429661421077729,0.5370999296609205,0.5046745227638392,0.03565343944043158,0.34972677595628415,0.644808743169399,0.5059290166348553,0.49523315265444223,0.045565549126524434,0.3115942028985507,0.7028985507246377,0.4973194019363709,0.5897089162809248,0.03482696137433834,0.39869281045751637,0.7647058823529411,0.5907337013347783,0.4895014749993803,0.04254077254212312,0.3551401869158878,0.6822429906542056,0.4913416439137171,0.4535655693718287,0.02821064588117046,0.34104046242774566,0.5895953757225434,0.4544397157795037,0.5072698693388351,0.025015708561637883,0.24691358024691357,0.5925925925925926,0.5078846779584194,0.4172906739278422,0.027111790281259037,0.2831858407079646,0.5221238938053098,0.4181681551563376,0.48039408866995004,0.0249501576905707,0.27428571428571424,0.6,0.4810398523788645,0.7440792113278913,0.21178462294809391,0.36099386743967476,0.9641235897431986,0.7735551864593885,0.5688724654856885,0.07741984590123976,0.44168889262785727,0.6943937328352101,0.5741026178019794,-0.32728065076872875,0.7569001027208428,1.0,0.028031101967125962,0.31175757585637953,-0.5790399763419358
30,0.40532544378698276,0.1469427216173192,0.21893491124260345,0.6449704142011834,0.4310197895590543,0.37941437444543,0.18981726445272404,0.10973084886128363,0.691511387163561,0.42404514755334793,0.3190858161446395,0.07359933342595526,0.1470588235294119,0.48930481283422456,0.3274245338471922,0.403018315018315,0.10918507419944876,0.28000000000000025,0.5907692307692303,0.4174785912953055,0.7055226824457592,0.018480397440480557,0.6606086221470837,0.7535925612848688,0.7057635257117414,0.5415795586527294,0.05348588238751409,0.4291645044110016,0.6512714063310846,0.5442017414485755,0.47757234982051516,0.04607126269540642,0.3962641761174116,0.5877251501000667,0.47977891067129136,0.5100958466049068,0.08723209324656238,0.201952708160884,0.6544763690399019,0.5174659171349041,0.3030047344658135,0.027003965190262512,0.18962807752750127,0.4024347826086956,0.30419995199938554,0.5340124168313007,0.05737031871002229,0.31735622317596557,0.6640457796852646,0.5370707045512163,0.5039552432995057,0.03177440037151114,0.3770491803278688,0.6502732240437159,0.5049511779265113,0.4917529330572811,0.03290302122481966,0.3405797101449275,0.5797101449275363,0.4928472387019452,0.5882041705571116,0.023738508802932563,0.49019607843137253,0.6862745098039216,0.5886807111224489,0.48860703159768537,0.03875767533842763,0.3271028037383177,0.7663551401869158,0.49013450765465955,0.45161023947151147,0.028518992857546693,0.35260115606936415,0.7109826589595376,0.4525055450876371,0.5076719576719577,0.012685199993798935,0.4753086419753086,0.5987654320987654,0.5078296610545651,0.4182469447956172,0.020509733218441142,0.35398230088495575,0.49557522123893805,0.41874712285141397,0.482721088435374,0.02043327556937571,0.41714285714285715,0.5657142857142857,0.48315130113267823,0.6297189106389701,0.17112436060142983,0.35991857672596717,0.8601947614675218,0.65244923767805,0.5308502962681868,0.07093986922526943,0.43644558512968623,0.640293335963878,0.5355469521661522,-0.3024981461366038,0.7903545845050639,1.0,-0.029156668257837793,0.38605348756858054,-0.6085626772383549
31,0.468934911242603,0.14732146066828203,0.0976331360946745,0.695266272189349,0.4914214542443966,0.510817805383023,0.21157571083635707,0.23602484472049695,0.8592132505175983,0.5526981909732994,0.29791443850267385,0.11276504216445457,0.14438502673796783,0.5614973262032086,0.3184421260277019,0.5117076923076922,0.16130011978673825,0.3046153846153845,0.8030769230769228,0.5364069372844317,0.7149154691462382,0.030953814746861763,0.6052409129332206,0.852916314454776,0.7155819142339557,0.5144992215879602,0.07723926267664694,0.3549558899844318,0.6839647119875455,0.5202360264293077,0.5315476984656439,0.08243150773454866,0.23882588392261506,0.7184789859906604,0.5378698117985213,0.5102753704128482,0.10552074614486134,0.14045270649872182,0.6843952887674403,0.5210181459197006,0.30236795180722903,0.03778073757471573,0.14745730749083288,0.4026966998428496,0.30470744246101006,0.5455793991416306,0.10074240228911215,0.2360515021459227,0.8025751072961373,0.5547568541520055,0.5028961748633882,0.05319184861296271,0.20765027322404372,0.912568306010929,0.5056874415953967,0.4926811594202901,0.04925452699030521,0.2753623188405797,0.8695652173913044,0.4951248360106918,0.5891830065359479,0.02941557800717858,0.49673202614379086,0.7124183006535948,0.5899131843238359,0.48836448598130844,0.035995440517162205,0.3457943925233644,0.6355140186915887,0.48968261613735303,0.45164739884393135,0.020607829499464533,0.3872832369942196,0.5606936416184971,0.4521149545259306,0.5067901234567903,0.01559409974307373,0.3950617283950617,0.5432098765432098,0.5070287854751556,0.41769911504424717,0.028166979791837025,0.23008849557522124,0.48672566371681414,0.4186430013335806,0.4817714285714284,0.03052551046333668,0.3657142857142857,0.6799999999999999,0.4827326974039122,0.5202896578547519,0.18042269927700144,0.23837020381330998,0.7901684772792029,0.5505369349398294,0.6199414007850137,0.11956444799116406,0.47813239047188905,0.8638493809384771,0.6313093689662778,-0.1475260658977533,0.5629539403334347,1.0,0.21092362455779584,0.2831242826001156,-0.4239459105007413
32,0.23276627218934978,0.07885278817352016,0.15384615384615385,0.49408284023668625,0.24571465845179624,0.29347086660751265,0.2800673386361567,0.05175983436853002,0.8426501035196688,0.40531805909018814,0.3267952635599693,0.1273881633007302,0.0721925133689838,0.6042780748663099,0.35066355984798225,0.3305274725274716,0.14044823779246138,0.1846153846153844,0.6615384615384619,0.35903157053252754,0.6899740369520588,0.04262636756002882,0.4065934065934066,0.8702451394759088,0.6912848107457698,0.5487026466009338,0.10404456037102779,0.31966787752983916,0.8329008822003114,0.5584453449077715,0.4678428476126944,0.0985063238709592,0.19746497665110063,0.7398265510340226,0.4780646091927636,0.5216065296380143,0.11812924526938093,0.11489862472698986,0.8090574542988502,0.5347691584062612,0.3026223228316996,0.05895288110260813,0.1804588789942378,0.9999999999999999,0.308290934302024,0.5326801825737448,0.07497665402873906,0.2851692894611349,0.7956623748211731,0.5379122593650875,0.5030835284933646,0.050250101827582376,0.3278688524590164,0.6721311475409836,0.5055779774259463,0.4944616977225675,0.04287770007735385,0.35507246376811596,0.6666666666666666,0.49631069061355804,0.588492063492063,0.034050857594513734,0.4183006535947712,0.7320261437908497,0.5894728397172108,0.488351134846462,0.06391988075156103,0.28037383177570085,0.6915887850467289,0.49250176658841527,0.4525185796862099,0.05157708579990392,0.18497109826589597,0.6820809248554913,0.45543798704282723,0.5071208112874778,0.026839181555464074,0.3580246913580246,0.6358024691358024,0.5078280085409109,0.41713021491782465,0.036332868626798194,0.18584070796460178,0.5663716814159292,0.41870392758858344,0.4803265306122448,0.04081975554318407,0.32,0.6742857142857143,0.48205173742143126,0.7548473160326186,0.17858930221381658,0.32953229160793207,0.9064865579890312,0.7756124687935725,0.505773642474905,0.153968583946319,0.3282788264430839,0.8947838770717667,0.5286100990511838,-0.2027685332409207,0.9236277616829324,1.0,-0.1518554394881114,0.29459322884727157,-0.7611206301794524
33,0.25514964411285507,0.15874208478379953,0.0650887573964497,0.5414201183431951,0.30037867708825217,0.2897350496594355,0.21346219780955009,0.05590062111801243,0.7453416149068323,0.35969491685870025,0.29218786328760704,0.09029265026052101,0.11764705882352944,0.6042780748663099,0.30578240457462674,0.34510590858416984,0.09266749077800247,0.2369230769230768,0.5138461538461536,0.35729604163347434,0.7015105296041757,0.020729286897757264,0.6221470836855452,0.8799661876584954,0.7018158454779334,0.551205974594436,0.07421789494040415,0.3492475350285418,0.8178515827711469,0.5561657633141665,0.47426013477584117,0.04234572984971321,0.362241494329553,0.6224149432955304,0.47614140620876627,0.5340748407564294,0.09705203541213384,0.24080408758929972,0.8504054013623081,0.5427962153281233,0.3069010529831988,0.02808020332200022,0.22053431115767413,0.46228182294394965,0.3081792800301114,0.5372278465440624,0.05862008626658505,0.3512179303767286,0.7937548879351454,0.5404073586511824,0.5016076661122985,0.034085443920516385,0.3715846994535519,0.6612021857923498,0.5027610770564548,0.4917454316320106,0.04604165655748178,0.30434782608695654,0.7681159420289856,0.49388992622114725,0.5885384105332955,0.03121281672600639,0.49019607843137253,0.7450980392156863,0.5893631110929661,0.48804009210348104,0.04085331845426011,0.33644859813084105,0.719626168224299,0.4897420621780482,0.45239172321353904,0.030310787634313812,0.2485549132947977,0.7109826589595376,0.4534030790075018,0.5072463768115942,0.015023167981394085,0.4320987654320987,0.574074074074074,0.5074681548379282,0.4174426061305626,0.02437091842523805,0.21238938053097345,0.49557522123893805,0.41815134760983746,0.4808281573498961,0.022507191537914858,0.34857142857142853,0.56,0.4813531159574441,0.7547830429820419,0.18357045036949704,0.37226428630669617,0.9307702524100869,0.7767225222305647,0.5217638219069546,0.05795523369237306,0.44889358825896686,0.6202888162952289,0.5249633885183826,-0.11923110544071037,0.7880199420008229,1.0,0.10704192850609118,0.10704752569474808,-0.6717658119967934
34,0.25366885266912975,0.23019428544761217,0.0,0.6449704142011834,0.34226597605021086,0.27533989580764023,0.26753529867740783,0.0,0.7908902691511388,0.3835737220781073,0.2922353713392151,0.10907821532459615,0.10962566844919763,0.5614973262032086,0.3118599301699222,0.35916689808386576,0.10382657119804958,0.2584615384615381,0.5476923076923077,0.37382067994435997,0.7017754530945317,0.025937694792552275,0.44590025359256125,0.8381234150464918,0.7022528902227768,0.5574179576191647,0.08324981023313982,0.382459782044629,0.8858329008822003,0.5635781138520306,0.4753084487131012,0.04558061427327971,0.29953302201467646,0.7231487658438959,0.4774811132202189,0.5180028308602582,0.12007562098513147,0.15748986912134783,0.9914797565264799,0.5316888530277906,0.30658209923353763,0.03176238890452602,0.1341016238868517,0.4104222105814562,0.30821711643572564,0.5371341214628427,0.061762910492823064,0.29518359561278007,0.7296137339055793,0.5406606608834124,0.5036199719871379,0.03703517705279154,0.31693989071038253,0.6939890710382514,0.5049749784726398,0.4944801967247425,0.03327081742613759,0.34782608695652173,0.6304347826086957,0.4955942050160921,0.5893206861565327,0.024500680348043844,0.49019607843137253,0.6928104575163399,0.5898279303166831,0.48814062552717663,0.04218460125146372,0.24299065420560745,0.6915887850467289,0.48995345344080876,0.45186870056968764,0.028222911783595463,0.2947976878612717,0.6647398843930635,0.4527460433119098,0.507086508891563,0.015565408316846961,0.41975308641975306,0.5864197530864197,0.5073244866669402,0.4167917957892709,0.02352476656310448,0.2920353982300885,0.5309734513274336,0.417452773128052,0.47804022692109294,0.03580224162645725,0.23428571428571426,0.64,0.4793742083399998,0.7595648967541143,0.25357792720141953,0.300522150879201,1.0,0.8006300401612011,0.5314881331685949,0.04545783358494522,0.4873269797060049,0.6555423390366828,0.5334215878202198,-0.024695003992477548,0.8390366008158833,1.0,0.17894729299790552,-0.24967515006225519,-0.583122877929545
35,0.27369620346208945,0.22210816678538964,0.08875739644970404,0.7603550295857986,0.3522618975366756,0.2995704898216369,0.2986218369266149,0.0165631469979296,0.8737060041407867,0.4226588918536873,0.24284219616700412,0.11799023979918603,0.0802139037433156,0.6122994652406417,0.2699088621075671,0.4190922121356902,0.16334883868284508,0.25538461538461554,0.8276923076923075,0.4497090830742278,0.7077345731191877,0.030157752036775374,0.525781910397295,0.8292476754015214,0.7083748241524266,0.5607387017440947,0.10101356377586831,0.32070576024909186,1.0,0.5697367313651156,0.515639826136679,0.06762412503198748,0.26084056037358233,0.6797865243495663,0.5200415855025833,0.5146095385852172,0.11196085989682615,0.0425945687187721,0.7961756971939378,0.526611129822688,0.3078118490706002,0.039650402873755895,0.07097747511786276,0.7574646411733891,0.31034723522062074,0.5415011329405806,0.07291271405649585,0.23128278493085352,0.7527439198855508,0.546372794629062,0.5067372636866576,0.05036712632048108,0.3005464480874317,0.8524590163934427,0.5092264952006206,0.4933387343595288,0.055960761155631596,0.3188405797101449,0.8405797101449275,0.4964926868763085,0.5881135062720747,0.030975642130240077,0.40522875816993464,0.7450980392156863,0.5889261472214888,0.48824519649387627,0.03655555163653667,0.3551401869158878,0.6542056074766355,0.48960752672814,0.45176462140523554,0.027081952616896988,0.3005780346820809,0.5953757225433526,0.4525731184806925,0.5067096081588837,0.02146524812429173,0.32098765432098764,0.5555555555555555,0.5071626494090314,0.41903479360193324,0.03273909581271194,0.17699115044247787,0.6725663716814159,0.4203078370931562,0.4834250221827858,0.04537403401461431,0.21714285714285714,0.7771428571428571,0.4855431610445821,0.7325996432685935,0.2672837397336089,0.24785666396528483,0.9587048000573546,0.7796928687845914,0.5899982442970683,0.09472176618877681,0.44107700487015045,0.803829102911104,0.5975301475641602,-0.21293723798749536,0.7384181866702901,1.0,0.12091963794092586,0.1863759868692001,-0.5700630639336817
36,0.22200010661549022,0.10969276467148324,0.0798816568047338,0.4704142011834318,0.24751232190803119,0.3205659075224289,0.26865924404390035,0.020703933747412008,0.9109730848861284,0.41786979467101354,0.2595028183263477,0.12863597601336046,0.1122994652406415,0.5882352941176472,0.28950715024462453,0.37916839916839895,0.10139708618907295,0.25538461538461554,0.563076923076923,0.3924330918031668,0.70539664770434,0.03697780619610712,0.4911242603550296,0.9061707523245983,0.706360835177494,0.5388247614506047,0.0994911099698309,0.27192527244421383,0.8489880643487286,0.547892340486016,0.5058507473450768,0.06786545643972877,0.2801867911941294,0.6911274182788525,0.510362569434768,0.5115902870188753,0.13587428111952862,0.017243270736304717,0.8125878868266998,0.5292478442934252,0.30639380082020196,0.031946402566319615,0.12336092194866424,0.4303279203771607,0.3080472961152861,0.5279411428595976,0.09401542965447862,0.13853314258464466,0.753457319980925,0.5362097877394499,0.5043322010535125,0.016707621108133293,0.453551912568306,0.6010928961748634,0.5046076259971214,0.49337380859120017,0.02470804756083194,0.37681159420289856,0.6014492753623188,0.49398932445331817,0.590001766472355,0.021330238702568123,0.49673202614379086,0.6666666666666666,0.590385479215299,0.48787572619348313,0.032483724957025666,0.3271028037383177,0.6728971962616822,0.48895108495333284,0.4521168567411348,0.015925928713074407,0.3930635838150289,0.5375722543352601,0.45239600446282924,0.5078967856745636,0.010737410004236714,0.45679012345679004,0.5432098765432098,0.5080097612634412,0.4165271466156413,0.016105601582608015,0.3274336283185841,0.45132743362831856,0.41683700153041886,0.47855855855855833,0.018175629660256386,0.34857142857142853,0.5542857142857143,0.4789020352893711,0.7519871935937005,0.19301383206398737,0.28298688447614095,0.9845433385057332,0.7762546401519668,0.5741094176566306,0.08215855762325676,0.4639146753362715,0.692472271642721,0.5799321050766003,0.11427291562959414,0.8803369891470386,1.0,0.3692764521316713,-0.18474680150365544,-0.7368072615848303
37,0.29552925706771777,0.17984196223584434,0.03846153846153838,0.6775147928994079,0.34580854044279097,0.3391839044012957,0.16855634129606908,0.13457556935817805,0.6231884057971014,0.3786444798969231,0.23952562187856272,0.07418686501520168,0.056149732620320636,0.4572192513368982,0.2507183417236825,0.40528528528528496,0.11214029769326729,0.28000000000000025,0.7046153846153844,0.42046860136317715,0.7123755200678278,0.027865221113083143,0.4065934065934066,0.8229078613693999,0.7129186632402066,0.5464374597742526,0.04979031619012367,0.4395433316035288,0.7145822522055008,0.5486943852085785,0.5063235350093255,0.059381616492715235,0.05270180120080048,0.7171447631754503,0.509783394554371,0.5357896516855741,0.0763084122856721,0.22626349260171602,0.7922297241143169,0.5411802271250716,0.3041949167606581,0.03444637060717106,0.13161236249345204,0.5842053431115767,0.3061332007647418,0.5286996066166312,0.05614368672665513,0.26680782069623266,0.7110157367668096,0.5316633538145701,0.5085905577708854,0.043362882993662144,0.3715846994535519,0.6885245901639344,0.5104302581251355,0.49815032423728095,0.05853480984569646,0.2971014492753623,0.7536231884057971,0.5015673237365329,0.5913560619442979,0.038535657502884006,0.48366013071895425,0.7777777777777778,0.5926065553529591,0.4916785944823326,0.04492418710346307,0.3551401869158878,0.7570093457943925,0.49372053051363,0.454720616570328,0.035835229668312464,0.31213872832369943,0.6416184971098265,0.4561262396224047,0.5085641196752316,0.03802029615985461,0.09876543209876543,0.7592592592592592,0.5099790836606883,0.418746179808126,0.03260322443853334,0.21238938053097345,0.6902654867256637,0.4200096918463366,0.4832947232947233,0.031309895318468166,0.2285714285714286,0.6057142857142856,0.48430481645020784,0.7100289159929914,0.17269895995719392,0.39451768784393004,0.9139648642893614,0.730668480201391,0.5784675877049625,0.07449247250412902,0.4568025087995109,0.7699656879948107,0.5832299841705226,-0.20874946270174355,0.5954683279878954,1.0,-0.06224561363598962,0.19646757976011237,-0.4206468682152798
38,0.28159340659340776,0.18129147333367554,0.12130177514792895,0.6656804733727808,0.3347457769795203,0.30192116372240657,0.22445950581989288,0.07453416149068322,0.7763975155279503,0.37599851157664793,0.22406937981804292,0.08530922115139097,0.10427807486631036,0.4572192513368982,0.23971049499100422,0.409740259740259,0.09452487235118136,0.31692307692307686,0.5969230769230771,0.42046762344115557,0.7129971676674981,0.01942377535050499,0.606931530008453,0.8698224852071006,0.7132608353230787,0.5593513906954486,0.06662430870755863,0.39854696419304625,0.7706279190451479,0.5632924330223305,0.5101647851814628,0.04103245600221336,0.32821881254169444,0.6490993995997332,0.511806901133924,0.5267232941585447,0.1108230773111451,0.1817973292377657,0.9208378627253477,0.5382186426051747,0.30545139564469054,0.02722071078192154,0.2129366160293347,0.44015086432687267,0.30665797961155256,0.5386459196502116,0.07030205606565627,0.2391492608488316,0.7837367668097281,0.543199557398138,0.5051451280959477,0.047672884034116465,0.2677595628415301,0.7978142076502732,0.5073824252006821,0.49402409185017904,0.06990542703451254,0.19565217391304346,0.9347826086956521,0.49892956008342004,0.5891265597147949,0.029292116047641526,0.4771241830065359,0.6928104575163399,0.5898519692418946,0.48877290933365725,0.06859960375390832,0.2523364485981308,0.8504672897196262,0.4935479547311289,0.4512236318594704,0.07039352504428625,0.09826589595375723,0.9075144508670521,0.45666390907086485,0.5072951739618408,0.050143209953447045,0.0,0.7469135802469136,0.5097593271171865,0.41653258246178504,0.041739668094750985,0.1415929203539823,0.7345132743362832,0.4186119153246673,0.48027829313543535,0.03390869091946456,0.20571428571428568,0.5828571428571429,0.48146994201329363,0.7339547707388062,0.20842596398076016,0.3153946512506999,0.9157740505058497,0.7628826544770889,0.5893443760159459,0.045861577593044586,0.5287508285650224,0.7009541679080478,0.591120333769548,-0.03333970302674352,0.8006853373024257,1.0,0.22455304584537839,-0.17773481493676463,-0.591867792856173
39,0.35795702273435037,0.26607887207553527,0.11538461538461531,0.8284023668639051,0.4457384685815894,0.3468599033816428,0.25297058053493837,0.09937888198757765,0.7908902691511388,0.42904704454997283,0.286312036776432,0.10264291264000144,0.09893048128342219,0.5508021390374331,0.3040940364668966,0.4293873144399464,0.22414966130968272,0.21846153846153848,0.8215384615384616,0.484190298324094,0.7049962183565422,0.026839681236507686,0.5663567202028741,0.7814877430262046,0.7055051444016336,0.5572683655168017,0.06522405227848783,0.3876491956408926,0.6512714063310846,0.5610590711008677,0.4956544128834424,0.08656326461696494,0.2835223482321548,0.7331554369579719,0.5031304044345056,0.509717332695063,0.0832327710044533,0.18262841034130844,0.670891882997078,0.5164447170027112,0.30016440682639,0.028616518627127777,0.130302776322682,0.4641173389209009,0.301520650888812,0.5412586133908927,0.060762848114192636,0.33571769194086787,0.6747734859322841,0.5446467253741106,0.5018694276675293,0.039351389869207894,0.3278688524590164,0.8415300546448088,0.5034044307182468,0.49229595728451575,0.04146006349330242,0.32608695652173914,0.7898550724637681,0.4940326052662174,0.5886939571150108,0.020281311026182296,0.5228758169934641,0.7058823529411765,0.5890419878514428,0.4868666994589281,0.03235787767299165,0.3271028037383177,0.6542056074766355,0.48793702615416523,0.451495791501877,0.018038134217975205,0.3468208092485549,0.5260115606936416,0.45185471378066777,0.5071258392895828,0.014087706487750344,0.3950617283950617,0.5617283950617283,0.5073207900196682,0.4179785747554711,0.02218436077805017,0.2743362831858407,0.5132743362831859,0.4185648193412305,0.48118295739348343,0.024126680053795195,0.3542857142857143,0.6228571428571429,0.48178531809492553,0.665192095966081,0.2656985671527713,0.2683703731455902,0.9138693112106184,0.7161204848431242,0.5578092833018811,0.13798569513196984,0.4131266146131072,0.7936854163001617,0.5745645667795733,-0.6238207595789029,0.5062890283745303,1.0,0.023961321579379694,0.57605105788506,-0.32123333299318935
