,0,1,2,3,4,5,6,7,8,9,10,11,12,13,14,15,16,17,18,19,20,21,22,23,24,25,26,27,28,29,groundtruth
0,-19.819023380388796,0.5769511068587073,0.9693345677054563,0.20808675117341377,-0.00898755375846053,0.4099950676258275,0.13472967563544822,-0.09103960607708596,-0.2982082354528128,-0.07170264454453461,-0.23463928416332114,0.1325328648121821,0.126239163614114,0.042779462649474014,0.07148789860872798,0.1239069218074377,-0.1460050007275448,0.014029746954013413,-0.06652269033473732,-0.11725659485756149,0.1469534504436701,0.009748790154844653,0.17472764335511604,0.10298265733828389,0.07522531455452881,-0.0007636653475085539,-0.020724149618473672,-0.05759323826171243,0.08391461682107,-0.009415914511117398,eating
1,-18.843292020940336,0.6232525939352364,1.4790591487028972,-0.016181626418446723,-0.2671654699375621,-0.16969126970014167,-0.2570648266216266,0.015568022945783598,0.07073452475444328,-0.19521657096254574,0.07126490491048801,-0.05359394940213823,-0.014307199027680793,0.14933970433792151,-0.0398967900272733,-0.06630257816874621,0.0011501249457745632,0.09183439910840796,-0.033183247101035374,0.04104352563999985,-0.08826305241362349,-0.02309252484456752,0.023719622877994225,-0.05424995783901258,-0.06617538043681612,-0.04848070172625286,-0.025990513695448587,-0.008077438635641613,-0.00798698210896879,-0.11435724762318115,eating
2,-17.8014921955412,0.0567708807678442,0.7423622115338108,0.593819000692849,-0.8221272896046791,-0.27954952014305817,0.5101895084916326,-0.2589500001983627,0.2095394828472601,-0.05621168630135659,0.029588399703384775,-0.24444210307325695,0.2709459238162748,-0.12889287300571572,0.032468139845060986,0.20151802677929676,-0.06657410081785725,-0.13996374269518233,-0.08086566238599163,0.1891445003541902,0.05176162118794422,0.0013423904859021956,-0.03361221944830015,0.11564203212348453,-0.016570959721660766,-0.06895597718896909,0.034201247338313485,-0.022525959185191388,0.004689259102013671,0.0927882792867988,eating
3,-16.832353851723756,0.5689962291016963,1.525688973531123,0.31693194270168784,-0.04979498523428822,-0.0339960004747071,-0.033610200357906114,0.1055692040506255,-0.3604385467355494,0.13599379788263055,-0.14066586283241697,0.028827106843775062,-0.04398427175139375,0.004524037947837105,-0.005661382639161161,-0.0982534163434134,0.056429023044890905,-0.07352883032842947,-0.18779079925664222,0.014858206243843833,0.05444903385250531,0.024010433553786546,-0.02446473313060353,-0.006511867670622229,-0.027207900277117125,0.05738308624396326,0.042488590965492644,0.01123649911259727,0.06310952894665944,0.0037763727404163594,eating
4,-15.820361691875517,0.8685883170259702,0.4375894297795275,0.4184763693031729,-0.3766197253959735,0.6186863447916138,-0.5666216281673262,-0.1546490140170381,0.05166710702099691,0.5996255608230178,0.22124523255958473,-0.161744212391222,-0.017563958621058934,-0.0024408055692752596,0.028236738121601986,0.09247805764482216,-0.026274645429992825,-0.12035999476725046,0.06688450058315579,-0.029258568072720675,0.07669530310250126,-0.0008883171772315951,0.07513197729895488,0.040184416361858155,0.04977259849656589,-0.020253915929738315,0.03059486853233555,0.005517453660420788,-0.03306359211598354,-0.048765077107333264,eating
5,-14.82730685748743,0.8319997011982602,1.1084629782319935,-0.1407749983871057,0.21936707463392485,-0.28998709133469586,-0.3747376393809697,0.5928983145142881,0.0495914756030035,0.35354148249254747,-0.12864560969983238,-0.1057760235297017,-0.19278203144985576,0.08283646817118041,0.11908876275320339,-0.09851932086613574,0.06467763608963768,0.06276891811733883,-0.06211358916071571,0.2480743962626796,-0.18129009228623388,-0.0478175833276253,-0.06196167073488102,-0.044796298053289864,0.051889644973494686,0.04643928949974499,0.04324942351179669,0.026658342555272777,0.09163677996134265,0.06733018129474236,eating
6,-13.786475277186526,0.8273980365947283,-0.20821027568019584,-0.03264987654475306,0.5977330258395682,-0.4380953212678389,-0.19974321754207225,0.014458293649302434,0.017305408356746366,-0.05858868565682587,-0.34553326168048515,-0.08529258051898521,-0.09455560311069021,-0.1646688029179514,0.030681523658140898,-0.05609729047757509,-0.07447031562117379,-0.05590641821197492,-0.07064127878469088,-0.13571470944782446,0.027168785443755006,-0.02078577184248702,-0.025428790852280215,0.0661001715133789,0.009004700195279656,-0.023266103702939116,0.028447468713143447,0.1924121193302694,-0.08688163937708052,0.007680261865374572,eating
7,-12.79099086285365,0.8332802162210192,0.014280288438005112,-0.1138893702454115,0.2443835686322066,-0.12878141283151887,-0.03240471115456584,-0.01221045439441067,0.2730267804359025,0.1701046810329329,-0.04691586403526988,-0.048955114794047794,-0.07644434962311976,0.05559981863217728,0.09682772970231074,0.07155320997850262,0.0006327405894232636,-0.055792168963028785,0.03817616163880399,-0.07244624521887731,0.014424580137337042,-0.12953879843660557,0.0013507193544814954,0.015010498908862475,-0.008583275519743168,-0.04188760390616758,-0.05820811714440068,0.08365016556233877,-0.0033146222689304336,0.08795791567651909,eating
8,-11.837578963157368,0.713717210943002,1.2394673653417756,0.21380343220800416,-0.06041634464803375,0.28523604541674163,-0.5379910472267108,0.22687434067785783,-0.20432654942115006,0.0038582977338754588,0.280275614909351,-0.09934474735138507,0.061227084344400995,-0.03641206553977967,0.021406638771418997,0.044250177208250335,0.09139322395441243,-0.01517791814487094,0.25238452197617245,-0.07378582653416531,0.027231950744368044,-0.03132848136098235,-0.006144363713771287,-0.05248450545728348,0.014105189813326233,-0.015969540316771356,-0.017461639385090884,0.04103672995931052,-0.01867547318459026,-0.03629863220607497,eating
9,-10.845611052906529,0.785984160351873,1.614243064053103,-0.32524873174703856,-0.05812951742154895,0.03521812500481763,-0.33869748373129227,-0.06281152067739541,0.197740873309042,-0.3292028140872379,-0.20013640426292412,-0.1459101114624766,0.41450489429491605,0.15811727944096537,-0.12236076631533141,-0.1098433719659367,0.042380081243418896,-0.01632718870208865,-0.09339827700768741,-0.03122440181630261,-0.14443433218122878,0.09565116791143236,0.08115458299388331,-0.0687003587148761,-0.07999021144653795,0.02033350909090873,0.03025249460089843,-0.04032475883380367,-0.0445989700706794,-0.001149898755442196,eating
10,-9.777736522136081,0.6518826347174275,0.08605641308203202,0.4166288423367216,-0.15456947497957732,-0.33508296308894114,0.2628372867139277,-0.1768317837491326,-0.24094243272718982,0.30394488865214075,-0.1848543210185702,-0.050933964168859494,-0.12226040408960721,-0.2825187273850596,0.03249050799368408,-0.10858035183162941,-0.059579480986091275,0.013486381975657316,-0.08886956000268476,-0.030500442797122843,-0.029950086223715117,-0.08935205255998593,0.034597961465534406,-0.11976813802443287,0.0676241803928709,0.016345223284381073,0.020467247846024616,-0.10301341540701954,-0.030782329684682783,-0.04720127784890591,eating
11,-8.776235061108487,0.7561058079035073,-0.5983047687149983,0.24255202787619268,-0.2551462629741592,-0.14468340830692522,-0.14877768230130167,-0.21444933623312198,0.2579123647545475,0.11170618555004679,0.11006797455195985,0.09430946031317822,-0.24921217832097742,-0.040458575431867615,-0.01072198461454809,-0.00042948254244532164,0.07913497046204422,-0.12249410754686192,-0.050992052789845824,-0.093676675762195,-0.07658048018380821,-0.07924442666157976,0.015148532536250812,0.04841053384451643,0.09507406859162647,-0.0301388708666406,0.060715262020635576,-0.09416360016959988,0.031115146995593455,-0.02779529622575365,eating
12,-7.786889829739459,-0.11827546395911061,0.10397769095729639,1.4533190727641287,0.09855607237821612,0.015095361796375677,0.15239475534701302,-0.5176850375484784,0.01938509443532865,-0.2936147342341868,0.014561192589067939,-0.03764259438197564,-0.27186381541032717,-0.08326368784938656,0.057736483167825245,0.16550215187102438,0.010162572534282556,0.06883341071632046,-0.016692623381600595,-0.08619966761768207,-0.06307880944116702,0.03156818251650593,-0.06632857412635822,-0.0025048795006643236,0.002375331782962949,0.034143484776139314,-0.06488232154868871,0.05764434842157176,0.01655933274355269,0.017001518456971183,eating
13,-6.769045733623989,0.7573663586249446,-1.0954567064843694,0.5017655218572581,0.5461086633250366,-0.17248129844950993,-0.4717941250152726,-0.45050405499603374,-0.11346989144754671,-0.2543099665831407,-0.11573471609870337,0.21248852085374273,-0.13064133695289418,-0.0513831827166579,-0.05212351484419373,0.006873480975959588,0.10014130891390105,-0.029689510919117028,-0.005024753965646764,0.0803536095601537,-0.034193397781607425,0.029643994828825352,0.005132837072063199,0.11664809030666122,-0.07520679062301991,-0.07826385953570066,-0.014708931496255703,-0.12949597578889865,-0.0007910960111115424,0.11439321148492215,eating
14,-5.790791264761185,0.4237718803146894,0.6504321549682109,0.11354234567394264,-0.34104613317141924,-0.33526352197076953,0.4348882663678293,0.2907119871231312,0.04771544539112586,-0.1908162850931065,0.14944808896959252,-0.14680713824625183,0.07906418132088691,-0.07281007607633458,-0.008665068703792021,-0.07981383260136882,0.053159347983871626,-0.13587731777460238,0.22946798522763928,-0.015697245579729013,0.08098606756879001,0.008075216383042289,0.0043853467944536,0.013762467951323838,-0.024366699375770535,-0.0335619091434937,-0.05476218465734623,-0.042431865597652406,-0.02591723833917641,0.04165210315017755,eating
15,-4.7652336365040435,0.814258576936443,-1.091031408525652,0.4509188021925053,0.4255146351887634,0.18281939657606727,-0.2056424616148294,0.4919927172672497,0.4186710792374706,-0.26247544354645025,-0.14898791048597998,-0.13404319085490088,0.01790620569080622,-0.11763727656086637,-0.05184210685728591,-0.14579140747557895,-0.013274324056582949,0.07114970840712817,-0.14645662304837948,-0.1026844791908565,0.23196607032589278,0.12789669855885377,0.02061880257976455,-0.07149643875303345,0.030800435311552812,-0.0866105476446935,-0.07245935569429018,-0.005140564153562625,0.062387733551614845,-0.0067985956502717056,eating
16,-3.767976731349512,0.31788282159210723,-0.7163736568740082,1.1609737169104286,0.12127758264858295,0.14309303687544575,0.03136678891196313,-0.33727402056280126,0.1756120650787327,-0.14869954797141813,0.1343693546836962,0.022797788575831576,-0.21557637730437623,0.22047970746450712,0.12024118512549675,0.07738380759811866,0.06709902075653179,0.12633493351979774,-0.06106462995928127,0.01563582285359263,0.03520879309232965,0.03486347788244876,-0.06924001211128224,-0.11429954683370895,-0.059594489380944235,0.06406331222460711,0.0614794609378209,-0.008798328707293017,-0.029277508331235793,0.05999485411709078,eating
17,-2.8212912777926773,1.17910266014508,1.5353837727841328,-0.9823103945090879,0.4215494488924912,-0.23386555515305715,-0.016233002492907368,-0.3944936092206574,-0.17996532809050933,-0.0960208932804474,0.13530183734348655,0.1920107104237735,-0.13886173744493013,-0.12294028450100551,-0.160125908281558,-0.011924284478043558,0.004598396021404127,-0.022532429521273396,-0.030131475120160178,0.08022528987476998,-0.039537179882174076,0.06835547010259883,-0.06739782476932815,0.06258258361683468,-0.026158237052489573,-0.133105857734236,0.03305152723216251,0.0739006227730928,-0.024349077699941706,-0.05548343616223865,eating
18,-1.769468909019512,1.1043894183094012,-0.09012907829083482,-0.7822789812711195,0.2332067575682486,-0.37619070022916196,0.27861836515534516,-0.027421003212585754,0.0411871183723263,-0.05056675797036801,0.14924485961671555,-0.039970966735028125,0.030116883394828212,-0.19994259077340906,-0.012229822091812769,0.24813116273282348,-0.022203386185728067,0.02502158762005733,0.03747881430540796,0.0025661639685704836,-0.024960428645473928,-0.04747888879470668,-0.008105004202106103,-0.0505217764998787,-0.05907684779807964,-0.03179761611856555,-0.07303227207195043,-0.010084354511859038,0.05650226632268749,0.0020693370292614883,eating
19,-0.7526532429298836,1.0067336309634936,-1.4030413883038293,0.2510257746084428,1.041252813623124,-0.38778837506716685,-0.3593270354751463,0.05237587820055822,-0.17791933607473323,-0.1762517558659699,0.15074598467493308,-0.03633890850304551,0.243447180664958,0.13953479723983211,0.03209956407725036,-0.08902586655759412,0.03723762170728878,0.02259061965088234,0.10929226023677734,0.0232338390079207,-0.035866511887526625,-0.025291962441358055,-0.04753250106843389,0.024974580721641555,0.15893659985890576,-0.026825496477053096,0.11216447930707518,0.01313297834696214,0.025715602464543824,0.014527215194300514,eating
20,0.20095335444741347,1.0748695771058876,0.208048947059752,-0.37751999132806036,-0.46390186771094943,0.23881613628570228,-0.23482721716984545,-0.34964518716769155,0.053043224924969476,-0.35930103034751193,0.09265710263738801,-0.0334233364530455,0.1259810601496559,0.11960078374145594,-0.07085022799031289,0.05073800772278416,-0.017043479762664914,0.1377608646702666,-0.004198311269589131,-0.03629637017919965,0.0010318067352673662,-0.0177867871040371,0.023950855069682416,-0.07470678109504542,0.012261466334312068,-0.007561800001548065,-0.0008387800085981553,0.004684219595143759,0.07914220032613448,0.022621706496396155,eating
21,1.2448277153188196,1.1157199380963565,-1.2396140500661532,0.2276549758522359,-0.30578657489759214,0.378911901850461,-0.06183021445544949,-0.22874710713270618,0.5647153360089365,0.22477558591253582,-0.024911593396802583,0.05158412693300091,0.07967754249245812,0.19997449814816987,-0.08383464509281105,-0.006199180382646731,0.0055301838313173415,-0.1249568894067695,-0.01515097628397374,0.10052695039549701,0.017035366446161743,-0.04872302788504105,0.021327458464966,-0.04757811665178322,-0.022220958505631116,0.022034476442113583,-0.08220179185726378,0.03893009669862664,-0.03648975575418785,-0.01113062264099781,eating
22,2.247873336105094,0.8968957960946787,-0.7385834528365212,0.5748580243159787,0.1571706082170333,-0.12652522610764014,0.12640509648173098,0.23930597405784862,-0.48276128875688007,0.19308272747413652,-0.013290198355563984,0.1075961283535221,0.09869528104520323,-0.09796751877119568,0.03999941202992842,-0.004856155516787153,-0.08690631724069155,0.0037341064465803236,0.03142034863431138,0.16122303651275505,0.05846204038499546,0.09778992596758554,0.1541298417387057,-0.04499244488486462,-0.09178442154018109,0.037256454667575975,-0.042292185486242154,0.018209573533517178,-0.016095445000905918,-0.017548814440768563,eating
23,3.2417654195078476,1.1606250037483017,-0.14819656329855888,-0.5611878224624863,0.16987242098752298,-0.2550889884856298,0.4616443171828922,-0.02760241793018481,-0.25182405756047505,0.10879554487704579,0.04621870163497545,0.04961885556695074,0.03136535352057064,-0.09157005034134576,-0.043635231412815285,0.18681971655930193,-0.010032557966797227,0.18441097582930863,0.020579772460742204,-0.02863881025569178,0.07743467910217776,-0.05912920051119571,0.04264877685658927,-0.07213147294741488,0.06419440137441193,0.036664644397008755,0.040269223585299954,-0.06562330976881094,-0.0035890990710672446,0.00408928571844936,eating
24,4.193623804232117,0.6014565200428592,0.699732539103486,0.29700695442875147,-0.12037443236336551,0.943768520684332,-0.1842639095658106,0.6406337642868748,0.3329329503116594,-0.23720847497405956,-0.28775227841904044,0.3618014713866261,-0.12195064235894364,-0.19479160246230262,0.07282628263469539,0.1793964120640097,0.026526702372574002,0.17349944202203013,0.17801197327072696,0.13948918885904685,-0.010700400229142834,-0.08361470512503458,-0.005489476872473047,0.003329728695646649,0.04632444090544493,-0.03807414582838551,0.027588488344903024,-0.030385208873813394,-0.08908515445153746,0.007133405877384799,eating
25,5.198473024270216,0.7091237018847157,1.2581152789343446,-0.10912237622254463,-0.4393833721252055,0.21377670592298828,0.4818101593539742,0.06308283261196594,0.2385872199034748,-0.133834143088849,0.08012545106054333,0.1115333109633933,-0.20229281067243413,0.06497925350368315,-0.24080876634098677,-0.24623836942152394,0.07887926621419274,-0.044568447260435934,0.018242438999246994,0.06469065926927073,0.2059487207765819,0.0006451095078322672,0.026179681083179928,0.12101045243134603,0.07420254581086728,0.14852299911043995,0.015922204853237552,0.043387393852906075,-0.05911194748250693,0.050217526053609185,eating
26,6.231876852303396,1.1776474365941705,-0.2085616120513955,-0.7669271983895716,0.397110398374604,-0.8056957805701037,-0.021784364011113905,0.7279752195912852,0.2616470228963927,0.03396719743614918,0.0511191403120854,0.058679136742777645,-0.054059925579036626,0.1865874203587126,0.05053312182599025,0.2627369173948798,-0.11873799301827354,-0.05286875782767036,-0.1530321888569733,-0.057589286956952604,0.026591716464477364,0.015023261730107344,0.027709698648639664,-0.018107051222825556,-0.03835671826736847,0.058387448411539415,-0.059538045828325,-0.03303708032108639,-0.06842875662846033,0.03452050014136073,eating
27,7.255857957911666,0.9330374673332394,-0.9030995557252459,0.488369743274593,-0.5198853034457823,0.185614684130416,0.301054240215467,-0.14259034230625203,-0.10210310051355133,0.25933020595481326,-0.10704947830507629,-0.07994417807972508,0.12987646370118994,-0.027060191726858234,0.00048202215972831583,-0.0012357628101826472,0.060377650301798834,0.10468994729070492,-0.045501721127591724,0.0928243189995743,-0.04807611347975136,0.043064412509739795,-0.06097763667995349,-0.022755736690579845,-0.08501318619770304,-0.03590090998658514,0.0011758791058984214,0.025749439274844528,-0.0023037118544712966,-0.002106660058689623,eating
28,8.175159088856576,0.2471572382334967,1.8324940139073873,0.6353066459348273,0.026763706862692555,-0.252269842248287,-0.07280836329801497,-0.45197013212062964,0.11104221142121647,-0.08191127420014682,0.12783095499316116,0.3972729170756761,0.16320550654996013,-0.04890806606163141,0.4676577613812545,-0.21283949421850887,-0.17312689597508701,-0.03538184533983253,0.056083114257710114,-0.06953807920614141,0.033600927470929194,-0.010293375498816211,-0.095601551515267,-0.08649705697869361,-0.009822794425500044,0.04341890896085696,-0.05978314581188885,-0.010849276488515518,-0.01009309317230878,0.003976579105864316,eating
29,9.216288211615492,-0.22206192053733315,0.6480714460790226,1.4857600914552918,0.8839227146531263,0.13165054554333552,0.21698714225461763,-0.11219556022196589,-0.1307055326394325,-0.1813012328309453,-0.25873294528270546,-0.10106096282258552,-0.13126056532544944,0.10232006923198521,-0.3153609374145765,0.19462329219267574,-0.1400284844937451,-0.15127588487865257,0.06658918025196192,0.01192440087963823,-0.09208261377447466,0.040812524697597725,-0.008809974065795137,-0.06691966209312572,0.053124199935771256,0.04198790767101248,-0.0008450435430058355,0.03927091985119023,-0.015825184928603016,-0.10034642217598921,eating
30,10.25378982145262,0.1752178003802057,-0.586956165892094,1.171192974323141,0.3948533439947465,-0.27091202374534157,0.3952273531537983,0.05416573998914186,0.024949478006554712,-0.13623567199108097,0.11058914508768188,0.049731215305364077,-0.026667819584887065,0.022124766899237768,-0.024235163324634715,-0.09737719853397873,0.17052022474983708,-0.18244935204783883,0.1028314953400339,0.1831919375410204,-0.006796643256701234,-0.03847678457276338,0.08438806491127175,-0.07353233683432245,0.0018176561959807995,0.004108719476471834,-0.08911284426284724,0.029906236100314086,0.11152034334487189,-0.06114156557005781,eating
31,11.237955275789128,0.606761280301695,-0.18880613969842383,0.6437334159654148,-0.37166268382123435,0.0011428849334686596,0.23774115792055991,-0.04548019035354717,-0.0029784856456187966,0.04946004899579343,-0.026295570168713433,-0.286561010251424,0.1895077239863953,0.014716663044379633,-0.019041788375772414,-0.06504995589018944,0.003054241197297496,0.16152435418170993,0.17283033288806207,-0.07456819614744213,-0.06920949550549446,-0.09690153697147605,-0.015328761825762092,0.056091649443072635,-0.014378654364890494,0.025723250145363624,0.037695615194438516,0.019061692696582606,-0.026237665550889678,0.047633200571169494,eating
32,12.251108470427974,1.1863523124575657,-0.8422535497263679,0.2359898423518215,-0.20411257955867074,-0.0405478822864279,-0.03670932411758901,-0.03808048795211572,-0.026961101268860584,0.4094808760329526,0.12982603087439334,0.025268593964213083,0.04143454773381821,-0.12640515755226694,0.004611961958938121,-0.07220290561573087,0.013058919214339963,-0.07322598250407526,-0.07104027987668024,-0.08020043433709369,-0.05693944121546386,0.010322858719539365,-0.03021066201155543,0.022070079101671254,-0.0004723892411359121,0.02308663444317178,-0.024940577221122886,-0.02459295772882347,-0.05347807446313363,-0.04633154428630753,eating
33,13.216170291740077,1.243913031752478,0.6962988970193836,-0.8462407265116118,-0.09851519596249002,0.1255075486709501,0.24055180455393554,-0.025610186000836106,0.12140306144278223,0.006623727957945306,0.10358741048139077,0.020073760413431514,-0.16379822286483922,-0.0851754941832047,-0.16896588858923114,0.05083814435157323,0.10427539803263437,0.052145354142432,-0.04362811739432326,0.007798672425078037,-0.025854994637639406,0.016188589178575418,-0.04473841143244058,0.0773614442771843,-0.04002866695042818,0.0891682722701771,0.05906059915154413,-0.04529636169650619,0.07352715476129812,-0.03774764703155645,eating
34,14.261068307615611,1.3203823119237663,-1.4414966181524433,0.3007953107371402,-0.6648305933485861,0.4473691506558231,-0.027338603809167337,-0.06709817089202331,0.14778659434844754,0.1306498568728859,-0.03170367924498238,0.2761700406288434,0.2298330047655869,-0.037895465354339894,-0.12651363450889372,-0.03815623081118091,-0.06035267378718448,0.022760082479471058,-0.14222816850853723,-0.028929186210049043,-0.06735194627638602,-0.025706433655724784,0.011585985507257745,-0.03473276975424409,0.020023595823279568,-0.018578477060589262,0.03490601906959903,0.0816726330363417,0.06771402234686831,-0.00578871445503901,eating
35,15.242864290719131,0.8737748465422651,-0.36273320083345656,0.08551922547700676,-0.5013874161854633,-0.4453876654950241,0.14508052052286335,0.4870680721552653,0.007868801761662854,-0.22931407208178875,0.2778142975662005,0.1996329450019188,0.16756690304689525,-0.11537456557667118,-0.05636928727234459,-0.06124762533479903,-0.06506386203409792,-0.055411858784609705,-0.007707707364928609,-0.08845227760568856,-0.1324323672592136,-0.012655675952745776,-0.05271050848859936,0.03583372057648973,0.015103164825116356,0.025167408893221162,0.01862054758713632,0.022262341223262976,-0.007790416811093294,-0.021064673537414695,eating
36,16.21588378291313,0.7772114902738161,0.2949954568524004,0.46226417039104295,-0.47704739212405983,-0.027865564289646063,-0.2437046083967503,0.17719685606337146,-0.23901946661507215,0.036193449729972606,0.21250438937840044,-0.3683568595547829,-0.16719969198505585,0.18072902421186385,0.018206759096004232,0.11260194967638154,-0.0026382937150390058,0.10464000888840949,-0.01963233201535965,-0.09183565195979035,0.09445768405135356,0.07242466756623003,-0.09168158865773984,0.01407439826471334,-0.01151706437374727,0.001034529622671453,-0.01978560965699173,-0.05465500773311311,0.014673764884421169,0.006875931106219256,eating
37,17.24013940221447,0.9197432982434867,-0.6423043944226087,0.649806310148557,0.5002882152830117,-0.04810893542652051,-0.4630608313436804,0.04608552313488613,-0.5321857690521784,0.0016473168432742146,-0.1603790916147758,-0.022006170359880915,0.09892044364540195,0.08771623469360042,-0.06283153752834507,-0.10666175347200038,0.029992285319890163,0.07003444112727704,0.0502046977505547,0.018210924736715144,0.10192194447151433,-0.053775127739493354,-0.05086169486539266,0.17803992228277213,-0.07739899984675998,0.04938711804247745,-0.03351149784142304,-0.035035180922836966,-0.06716171977808223,0.0005948034193332639,eating
38,18.246315998122068,1.1812166667822952,0.45422062418954684,-0.7221408054748117,0.46814166996730194,-0.08293732810868999,0.9002954409828914,-0.18233493163668213,0.18931918062917877,0.3539531028933944,-0.3175083208424889,0.03867081360812378,-0.08176620230199348,0.29413029881118685,0.15011746620456143,-0.08257206204811336,0.031990895605479124,0.08526073759460004,0.18888305545234768,-0.12568429591902433,-0.04713910167217454,0.18978636621152406,0.008328972762003464,0.022561411296882848,0.011640210823838149,-0.1084535172247083,0.043549045871828784,-0.010092724024330441,0.003681362236824303,-0.006365097654649639,eating
39,-19.75331357942299,-0.12469712516916368,-1.4161785520409471,-0.2919401629696197,-1.269696603612359,0.07120267465946706,0.22560670290732812,0.12225378699010778,-0.2093215562659117,-0.25649877140501043,-0.003229488269432561,-0.07982568882506523,-0.2559970403994941,0.1379255486267433,0.07316981980383003,-0.08907805299937038,-0.004531443522385309,-0.0555353802876475,0.049050608907949135,-0.005713953738965984,-0.0737147908304539,0.04647057101597086,-0.013043334149723883,0.02439755944112882,0.03366582938923744,-0.06164923769759691,0.006091260083750189,0.025822735372337494,-0.035093976500119396,-0.05996163307289072,non-eating
40,-18.75586288371009,-0.03110278685995301,-1.4068105649895541,-0.35612723104412697,-1.1104900869977048,0.060217851734368354,0.10950193044795942,0.3923770090415263,-0.4447747469107686,-0.43471660997200895,-0.04986760805724468,0.14487593658164524,-0.1345677158788069,0.09588565213075725,0.13068753278783607,-0.010189487482410822,-0.10858605307200167,-0.04931824063943155,0.005244332500603046,-0.029417089064249856,-0.07920340838270463,0.04690061071748968,0.012168746759266935,0.007049336466323374,-0.012584585867325616,0.012298378509378241,0.030988404446202676,0.0166803827843718,0.005713725566035792,0.0033470859740342943,non-eating
41,-17.765748941402116,0.10678278131622021,-0.4669268588160918,-0.44520926057321475,1.6120425147465602,1.324290884693564,0.710654069754659,0.2064681582560894,-0.09982604822681515,-0.12449093436964463,0.44805475368058906,-0.17348166684449656,0.015725455726119386,-0.024948709359981752,0.1437842353834639,-0.12914585228616712,-0.09757834830709383,-0.08770216813269478,-0.13160637633634462,-0.001031531124945369,-0.1181328460401955,-0.027397052026282592,-0.004026454433283637,0.006664544629002024,-0.04896954855084743,0.008221679197493585,0.03150711660322422,-0.05013245684496333,-0.045178186388754,0.027727100909862305,non-eating
42,-16.780947517940138,-1.2438600021797648,0.08964036171525679,0.2962620642391611,-0.004428310950970747,0.11174310831053484,0.2880409847946493,0.2908799751169876,-0.09686411634970071,0.1877660636431202,-0.18092773333879428,0.11346978616828508,0.17976140534490023,-0.01140420908313462,0.06465107897650291,0.09953318097530102,0.40247231205146217,-0.004571912254856109,-0.057297823408214175,-0.061434488961659754,-0.09320372231376796,-0.023985634538499487,-0.05960459085126162,0.04646478038333289,-0.05951861456625884,-0.027204229922765173,-0.07656280687270296,0.020138580728050776,-0.08064216063976098,-0.029999395471811897,non-eating
43,-15.776632670226139,-0.9700296092963356,-0.17115372048000096,-0.14424294034722757,0.08272281348178726,0.11713138688315206,0.1345939752023729,0.13919932058313342,-0.08504950432883841,0.13744243904738632,0.06388054398160234,0.052863928292148275,0.12859525142328487,-0.11357992330237635,-0.13661936621079881,0.002095540716416447,-0.003669894747319917,0.06921912876056785,0.037732460840915534,0.007374878671747586,0.13491268699927209,0.12393514752266338,-0.13145986113142658,-0.06250256963934242,0.045419868100237286,0.03356511648255186,0.022258460910271026,0.08175994055306286,0.026385819559373313,0.035811778740099276,non-eating
44,-14.773269480150027,-0.9400121352055486,-0.3670987545793604,-0.27627173620455164,0.20289035574696884,-0.1069747967839541,0.05878684355156615,0.10922188835789023,0.027809171244368495,0.13194246375835794,-0.026211187666910787,0.11546697918232525,0.0015488503150422222,0.29434940703252926,-0.022598601621776588,0.06650640469151037,-0.19023067192235155,-0.07397152016169435,0.05931987294475453,0.029499733297196944,0.12471956376552588,-0.1171258370691309,-0.11955229437886428,0.02620470577935555,-0.03600024628809313,-0.04094673737233015,-0.06534688136850615,-0.02824049159075691,0.03220119807232996,-0.08866123829432869,non-eating
45,-13.777491027604775,-0.9914840723923578,-0.28786101033147404,-0.10309656211921414,0.08816130356462332,-0.1648170258510754,-0.033961790728513595,0.04060201427429034,0.12188648744378412,0.11626932129186347,0.07522530681140957,0.09514004930274052,0.039215735702029186,0.019708447197531405,-0.07138566089371136,-0.036830261904604006,0.02995685004677267,0.056331415881138165,0.05060658369337695,0.010207279001821848,0.00995223537535729,0.1505412167160343,-0.022976277841256817,0.028096951123940127,0.00899854836725861,-0.0564664012759935,0.016595135388037915,-0.033412509302504285,-0.014200771521775455,-0.017239202987568487,non-eating
46,-12.774732436384019,-0.6041660426912779,-0.5187654536060827,-0.40998175111621143,0.139176875288807,-0.02990900458255087,-0.17867894057724218,-0.06941999118810174,-0.058448971170245605,0.08287995940296966,0.026433544269846156,0.1805689889010103,0.017768229107001973,0.02700883686765915,0.0026332836193541723,0.08079314444810105,0.26164378995611387,-0.049889461604670726,0.04576564312600497,-0.12829533440783022,0.07908620945911445,0.012780488486546676,0.0437368034007472,-0.0423443480816547,-0.11702767375093329,0.05752181371896552,0.07543448167796793,-0.008064918300801607,0.06197341441149143,-0.02346652515335001,non-eating
47,-11.775436499649533,-1.039006655774108,-0.26569736660026405,0.019618113561234416,-0.010760210047697958,-0.22548055026218003,-0.010288233197181522,-0.1170770455573032,0.01559518520198678,0.056830186513921514,0.16425284299095746,0.11607499218762218,0.00824621888607909,-0.01939956707822169,-0.10501663390411861,-0.04639837096885138,-0.011826027476798737,0.0899797603776633,0.03326439914671081,0.05828291877719709,0.0403353468418876,0.029243923854282032,0.027641521661404465,-0.0019397141186036524,-0.008925434264590824,-0.06454522893597778,0.04722777873028693,-0.042895519585592914,-0.03582220590927789,0.017640846513908178,non-eating
48,-10.770808075860769,-0.5046506515809057,-0.5235352448301768,-0.7502627846017216,0.185663868464584,-0.18261267125306718,-0.11520355381852418,-0.15429004070782976,0.06722848886005843,0.026875504371892425,-0.01953936245817974,-0.031539338041592486,-0.01072578257203848,0.014202995961624765,-0.00714997080795319,-0.028964892729406094,0.0002516853293656782,0.04798019048339887,0.06238644871150786,0.12369557983773341,0.05886037164497982,0.01330562519913879,0.009708051804854389,-0.037860969575788266,-0.0008517300693818028,0.024814365146165918,-0.014483590587333227,-0.004427129096104891,-0.02745894949527941,-0.00915574801473432,non-eating
49,-9.776432696904054,-0.6147538090741089,-0.36189474816238903,-0.40147819646064026,0.0725016662719099,-0.01735767755206116,-0.12290689712462431,-0.05936010086064019,0.0821446471114312,0.03422698552877705,-0.07700060963132184,0.014564905867038661,0.027026765962629398,-0.08915696828794611,-0.062688239118775,-0.046023289273572056,0.15414907878997225,-0.09987634808819346,0.048923318968993906,-0.14206900194855493,-0.02218360963062566,0.08192790697891328,-0.032832968610709765,-0.039742008657387584,0.1050270765321045,0.016156709793894657,-0.09842742434243514,-0.07618054960257536,0.03378902047969074,0.0720533176839263,non-eating
50,-8.786853509895826,-1.2678971031407276,0.33060957900828525,0.31438271420056024,-0.10670808996295308,0.01357811952245392,0.14400158482377018,-0.06338677924877063,-0.026182055281627984,0.17879724735373392,0.022976279221626556,0.09678361275370004,0.0784046356167972,0.23615352724716154,-0.06308407714456808,-0.05068221454344448,-0.02693410128938737,0.1843552844783817,-0.127077284668509,0.025589690918453728,-0.0389292255021161,-0.027762999105422428,-0.11078001297891023,0.0601096351515614,0.04718999785073044,0.045543106561493706,-0.12732530632336378,-0.03416130048474299,-0.010660832585732754,-0.026694275234725808,non-eating
51,-7.777376361566249,-1.143618601858323,-0.11081115035357135,0.21679982773407058,-0.0911692760364662,-0.11794721074591984,-0.06334125549123122,-0.024005736543925345,0.05382608938753113,0.15771570064834792,0.08350218604783673,0.055297360657466495,0.023461984186624263,-0.04573876793872336,-0.23553516880121492,-0.017447081755442236,-0.15182386679585988,-0.014463807400854544,0.026657249896994004,-0.02626797589313369,0.008312151192447895,0.02739121773227093,-0.08896760263197805,-0.11193218164591724,-0.021341881974883892,-0.047016050633764114,0.062767478041511,-0.029763003706006257,-0.07671901469452767,0.031331069207552784,non-eating
52,-6.766438437471038,-0.32585927322517394,-0.5974195922173884,-0.8587660862106806,0.17056196886029334,-0.025389562512625016,-0.07568465416605126,-0.19677143849727105,0.05924713788140248,-0.07747840175174132,0.01570457036890597,-0.05359019142352632,0.052701121952461724,-0.013086962439336401,0.07226795735666114,0.040113046866501606,-0.002321754868930244,0.08086914270243128,0.025287099190801448,0.027883594385333322,-0.02418107391894963,-0.017419504144746162,-0.006576478152077685,0.0653815347618281,0.0021855680346454147,0.14578783925381494,-0.022857136982575126,0.011066062545770272,0.011139617468999273,-0.05254042932586226,non-eating
53,-5.768039622735271,-0.467363848137911,-0.5629351503757778,-0.4781133800041989,-0.05414164754092783,-0.0357735895963826,-0.16613668978984522,-0.12394673459029289,0.03494984091552478,0.08207681798757428,-0.04807203463880132,-0.055486944006904446,-0.021452758338087456,-0.019245825726577286,0.11196279622965599,-0.00980198242635036,-0.0054510945870007935,-0.029529787309969226,0.09473329199728035,0.07010452622669178,0.030624292958464024,0.04797749580575988,0.07298100562657449,-0.04129777793107006,-0.03670246335597896,0.06484970556561513,0.025584215045119957,0.0679400699834467,-0.009565556912255878,0.016080845491573383,non-eating
54,-4.770906212700645,-0.674585600744853,-0.35349646936569884,-0.27334968066906923,-0.01115876310030447,-0.024128794058212968,-0.07901415838393062,-0.0030330227306634835,0.18218987418652263,0.05353700077828493,-0.2008767406849666,-0.051506258900304705,-0.0346022237873098,-0.08143285999262787,-0.13157168408369851,-0.04924507017916987,-0.2260750179548018,-0.0027208596059168804,0.10823046724252797,-0.11319293010426441,-0.11119414397979673,-0.08210723569015041,-0.02917722848277855,0.023283510291505497,-0.10255450022291973,0.051565078929039866,0.02088674207930578,-0.021967580567045408,0.0006469253248465861,-0.016413475738337485,non-eating
55,-3.7734425538283904,-0.9121426095377153,0.08889015697184316,-0.2263828293034559,0.09475720298072983,-0.15922817541366327,0.2186254148308743,-0.04910686787112715,-0.11923658544502486,-0.1118593188280638,0.03415311583708699,-0.08062844553782451,0.06297881166349126,-0.0031888193552706105,-0.060025273727759676,-0.033143429919140786,0.07997926258703911,0.13839618019953812,-0.03967678762907603,-0.03885980494340215,-0.07271829064037809,-0.11664462396979873,0.03944202474012295,0.014964453605371394,0.17772067897828897,-0.025567536081600024,-0.10043290792252886,0.07047554129035252,0.034995737818429185,0.03794880227671123,non-eating
56,-2.767393210694554,-0.7727067911513342,-0.2070312826725365,-0.2583990376466501,-0.01024329689342238,-0.04827174528234335,0.12405611419549502,-0.1696496697786146,0.007705176865607727,-0.09163849602525398,0.014694757497877594,0.018070067678572332,0.0689887384311634,-0.04677224038329591,0.09946913057881884,0.06799482269524562,-0.015322074202592966,0.07340623951082621,-0.07431558915233108,0.08983176534234794,0.08789750860868707,0.027633905323708786,-0.05634172324328214,0.041313066602722326,0.010013777360845398,0.06034038731834879,0.03369268652814705,0.06941353618874219,-0.013807816005579341,-0.05111197718022385,non-eating
57,-1.7674918527089192,-0.2908364461820228,-0.535617188933892,-0.7244320438851581,0.12072119459723392,0.08420549675610815,-0.2369284458731627,-0.19555954253764046,0.06580606098556419,0.13544048489553767,0.08925024738048996,-0.02010516343695988,-0.062064133131109644,-0.06988395888295132,0.07529217859345314,0.03407672915370044,-0.026048686064036226,0.04276817923036995,0.04203748959746717,0.06070491911074152,-0.021566602592330356,0.10743395250182858,0.053742639266093566,-0.010398899353594941,0.04798974973127242,0.05261721977159244,-0.029185467880050033,0.056068771051197154,0.019398806936215488,-0.0035605057945967584,non-eating
58,-0.7738641215823298,-0.9277826318891584,-0.005162896188545573,0.03813055476176019,0.029540220560684755,-0.20073991502601943,0.0055180760916358484,0.034939842437158766,0.08492372124490338,0.019121119011660553,0.0036471546879512234,-0.041934117722483594,-0.032708331649916066,-0.09325181817983921,-0.09698181703239225,-0.09524364617921095,0.022989160272319765,0.05307656637116265,-0.019098674716126068,-0.005164127715168529,-0.05954585929821563,0.019422748253285195,0.09280930808481642,0.01492109876199071,0.04369729930781992,0.03420658016530327,-0.07367700950605209,-0.0669331658582996,-0.046101746903682544,-0.04973020819202722,non-eating
59,0.22351417681735378,-1.1488896172274812,0.2668434866787655,0.14106137362241855,0.17478599500715036,0.0741901495435799,0.1386679302226946,0.07618563029467133,-0.07128417008032525,0.14927809788981614,0.06293055124074298,0.15130263766243926,0.04058621208223759,0.17103924289999417,-0.1087647125108225,-0.027675037751785293,-0.07455969187848804,0.08039218904757683,-0.024260920872997704,0.004338740610100388,0.010551476072260159,-0.15893262270965,0.10549468935449462,0.04838340867085988,-0.042226883714852136,-0.12738345755941488,0.03640085741476511,0.05224468713117154,0.06382501857351094,0.0676268443034376,non-eating
60,1.2327661871508415,-0.9004754757834845,-0.17179262188920702,0.14890042720002275,-0.14082090873466332,-0.06281156812717524,0.09902426576702672,-0.05732504127157886,0.12360456307601425,-0.05696503111642317,-0.1796178761507955,-0.05033524271178927,0.05369985121251436,0.049895140441731704,0.16631388165178856,-0.022850697444851714,-0.021471410610254506,-0.03152099329996657,0.004870720129114029,-0.061483956593160874,0.03416928063573862,-0.03833214965209757,0.05107488854258152,0.03344208658569147,0.042483469811476826,0.07094581623597851,0.08011324477488053,-0.03950168996390237,0.00405404060567966,-0.05022861214704681,non-eating
61,2.2333591124445604,-0.8026704056245878,-0.28022992628923066,-0.11555516207932043,0.18312253232864883,-0.28951299871747654,-0.08252610675810758,-0.09316144650316176,0.13542610994718807,-0.09384880194604638,-0.011776537794124426,-0.05672965218497051,0.04933622159027414,-0.01330650386206596,-0.03007605770973797,-0.0579687106188158,-0.03658106416711968,-0.015338002343064124,0.020048092058865756,0.09488080467601978,0.03992188930674798,-0.08890736088601647,0.019462369209005414,0.014188400399597834,0.030851480733314656,0.02073757090884495,0.05881647355295706,-0.07224601774248428,-0.012643091193177388,-0.04059713070559971,non-eating
62,3.223980294536287,-0.7635608469820883,0.08452375767862132,-0.2169894275434254,0.06552767515949529,0.1286547504358623,-0.06732190235989137,-0.03317457772859215,0.057036703618899766,0.07048334657874601,0.02556329025047493,0.020531365466690387,-0.06318434244832387,-0.023728808853504636,-0.013835455548216016,0.015460484560420084,-0.04852003194391997,0.014294571644807635,0.08181403020646692,-0.11706240574493545,-0.04174561088243992,-0.015905502425343082,0.060462809562659994,0.05342640007787967,-0.08010677167017713,-0.024282864041366092,-0.0015276122029661704,0.03774151841686126,0.06880040416768901,-0.01998544828647273,non-eating
63,4.228617655513497,-0.792754660538204,0.008585164614291053,-0.13437308044364957,0.009761622376359455,-0.02641822070702,-0.05629466213122698,-0.07243626688863279,-0.0780301315254794,0.04005414144319429,0.01834971210531146,0.03857007035328351,0.012090366414830763,-0.049956871886764474,-0.07903900925625812,0.022673228579495754,-0.11296125317929803,0.038312690485087515,0.037764692457721065,0.051086300503026115,-0.020301114528566713,0.028052102706940484,0.01766778330772655,-0.10196634784282728,0.0255564452669606,0.012051678930839615,0.04734989244847939,0.03704017100792077,-0.005590216003430443,0.03217711253207147,non-eating
64,5.23878427417875,-0.5279729440640585,-0.35796210857630284,-0.3039910439411676,0.011936286239780545,-0.057406681831566,-0.013223536724889793,-0.12408066380012893,0.08472604504697227,-0.045765287181817924,-0.15918238798278717,-0.18139238477085504,0.04317953902153114,-0.013728336581736682,0.10745214072229055,0.007623481339333256,0.014720950965305781,-0.03564224464742246,-0.023726950159999115,0.009186621235334796,0.02354475467352974,-0.026350477295377508,0.041844662083844554,0.022769191532301558,0.029415275394833986,0.015485767248663922,0.0800352038643047,0.010577295161085536,-0.024374976386808966,0.017747486913283556,non-eating
65,6.230041992704033,-0.9740827629652915,0.09248753801506251,0.2899584175227582,-0.007218833921359172,0.07082646536843455,0.06897286605242547,0.26898827667056224,0.19752497583700002,-0.0297958595131107,-0.1716960649920795,-0.16191587318715575,-0.08623813335523008,-0.2288272772342856,0.066175854304544,-0.1663819581802456,0.002091761771579699,0.07407555510064022,0.009835042426981218,0.024911997114982348,0.1051054107958236,-0.05139649701211817,-0.08426565995753434,-0.026095563895177587,-0.10340402261230602,-0.034856268508415014,0.027547372929247662,-0.0592539087008633,0.08142177566405731,-0.03790999339778618,non-eating
66,7.223432173437789,-0.9555682870213342,0.26280133680627393,0.14332630857790113,-0.003445232101038764,0.025425517253809066,-0.045652314886719815,0.09512484058085607,0.030642941098257413,-0.005103350882000259,0.0386162400970897,-0.023972218814419216,-0.029899482519890812,-0.1265062184582119,-0.015135058313610164,-0.0007006383734121231,0.053459818892764355,-0.018996038957307736,0.03317943194191008,-0.10442287806037617,-0.040957253264675184,-0.002063354671387885,-0.003582379531591078,0.03505403771349762,-0.10539361237758978,0.0555719579738458,0.016371114574950822,0.05631066392869802,0.09711607871493197,0.013840420675963751,non-eating
67,8.229263327824949,-0.9830958118850365,0.10865183981142248,0.23053169705908647,-0.04812823522655492,-0.13589376399109288,-0.040951862158201395,0.02513423691344478,0.015709531886755144,-0.024418327682217363,0.15136289790217172,-0.0026007670960620497,0.03957792654630321,-0.08216914965634271,0.04042290183466755,0.1443116946573557,0.014537344018783016,0.06350918520067314,-0.05296343001037618,0.012007952457696331,0.011013264223455367,5.361980027646372e-05,0.034141394272084465,0.00808795812345423,-0.007937662422326444,0.0008155950282887262,0.009445403371717731,-0.011773617698366793,-0.055503583137255424,-0.0015986529662583894,non-eating
68,9.234414744836867,-0.7511189427042768,-0.08766931931400197,-0.11597869885850172,-0.10574835013594996,-0.17409170535895288,-0.023282713990752192,-0.14622502358530434,0.11690530393225324,-0.12833345379044833,-0.10781958900110751,-0.1162162722652254,-0.060224261883333845,0.022201355898798677,0.06851324907456603,-0.006625103178483648,-0.004056068886256861,-0.04928679121731611,-0.009516955765893146,0.09361373776456616,-0.02055099976893813,0.014860422958788045,0.07253856000933875,-0.02260795909838648,-0.006490175357245255,-0.011980000956944918,0.036407802222510735,-0.015611312297718465,-0.045443769686977595,0.03184477190042575,non-eating
69,10.224717486443689,-0.8832445447347558,0.24079892619765728,0.08087121553358605,-0.04348438719567555,-0.03256158591358305,-0.09471544998465835,0.06776793522222842,-0.01592504936219384,0.004755716029776457,0.07824889179306675,-0.037803083415261805,-0.1710785751919737,0.010719721749619018,-0.09496149795034943,-0.10860833123498398,-0.07285144167414226,0.014488244370900337,-0.037253156881136285,-0.11550271481141812,-0.006315386983430515,-0.06073318058489197,0.07150545582131951,-0.02224472538816006,-0.10027430900758152,0.009917509805910047,-0.015609436154591408,0.025555198093045427,0.004752262546788786,0.08936439968722626,non-eating
70,11.217769432224943,-1.094853593274969,0.36200346632157926,0.44138650830818965,0.059409649157817025,0.21541343131537702,-0.23589293625833901,0.14893402138395923,0.10662033183040788,0.08937555982907446,-0.05007851310194168,0.0011471354955799738,0.1009085168239404,-0.09312913949802076,0.04129995178415779,0.12258038868819329,-0.08503589047760327,-0.029277943173984185,0.038988967918209536,0.0078398107118886,-0.20833643888129502,0.17099526757426908,0.02468700003240682,0.10975979781419892,0.055082239770450736,0.056319263202750575,-0.03889147736607967,-0.03021312811280641,0.03491936806926509,0.04251672219029725,non-eating
71,12.223687266080635,-0.9250275392352802,0.33130024963218574,-0.004468609836935405,-0.008783380883187,-0.13071788381388388,-0.10842760657600647,-0.005828926870558807,0.06693863135081232,0.027862050308956405,0.19939643508531504,0.06683411833761112,-0.10045155313679874,0.08093081972813054,-0.0096053458192563,-0.0292754162958826,0.05259686116143804,0.0630196753236033,-0.04192218665981011,0.0014308744647674532,-0.021684997452532915,0.006821018696223437,0.1750023194338973,0.010988588631733406,-0.01852190082127854,-0.0055769214984073764,0.004873885756014027,-0.02017508581401221,-0.03491452971117134,-0.00968387548519347,non-eating
72,13.228751656276721,0.03258350352505578,0.06353161394216628,-1.3972508687171907,-0.0717260608316445,0.36281453704723704,-0.12769517346685114,-0.24294810452930468,-0.2196001151267526,-0.1550533496345552,-0.13934049657785724,0.019844270780978605,0.028411812549730624,0.03829182326047982,-0.07609687459641545,0.028927800453540334,0.02521988517119675,-0.16055148627402832,0.04417668059259418,0.01721085558445166,0.027874965278886814,-0.054906286008070994,-0.07227725140934972,-0.0829956166173106,0.012377467796350674,0.05947883752055716,-0.08506427471886555,-0.02714678677710982,-0.029190059379811527,0.07087095548922683,non-eating
73,14.231993122819418,-0.18282172011421588,0.06614996862372342,-0.7497488279945967,-0.1817698114591508,0.2780551410081906,-0.09858336087444718,-0.1606274579717582,-0.22189686193268562,0.08205108908011516,-0.09600942681765771,0.0335991041805931,-0.006133481239800115,-0.004977353158955145,-0.0005367440494572241,-0.005527512666388742,-0.010633711083018613,-0.15295503450613918,-0.0538690845074577,0.03375632465125171,0.01553618336935801,-0.00851512816797835,-0.07150213675855245,0.04308534787227299,-0.0036205481850993698,0.0007710933963634506,-0.01097771938941566,0.014978360828601411,0.018906421747201405,0.041126095609868366,non-eating
74,15.224424854850525,-0.627602495711606,0.4193724600286622,-0.08022830129441196,-0.31940443862687135,0.18937196133649833,-0.0946443959763963,0.1972269855105598,-0.2959014263845316,0.17929978895193618,-0.10804348185694197,-0.026573536746143763,-0.08979797781840533,0.06465295165204538,-0.007324100660918062,-0.02719240316964602,-0.13626888574759113,-0.0817584390233883,0.04305407023842375,0.07715334738638337,-0.03710011743876369,0.05565545956079608,-0.02281023699371824,-0.060399524909417746,0.03155121544234893,-0.04865347399899116,-0.044157052925970816,-0.048604522692599045,0.05538427485739549,0.078794884161718,non-eating
75,16.228427545160592,-1.000652619735113,0.3050164986626746,0.2708410861314506,0.09179297444100502,0.07415807353314735,-0.056217484382337514,0.2551259617260405,0.02781771467997492,-0.033717254970295235,-0.013162734521833407,0.07998676011134134,0.10961832052639021,0.08532975368419893,-0.013293203666259124,0.11340522803604045,0.08416187740686167,-0.15496738514396843,-0.07788850102246156,-0.09283068331536279,0.04804677702443452,-0.012445382920435247,-0.12303708227796976,-0.0497582017453021,0.06348297648044472,-0.02624284039664032,0.13768168188821506,-0.03959815807483404,0.006665023455938012,-0.01777877239938875,non-eating
76,17.237514670207695,-0.29562091764072246,0.17443119622850614,-0.5757692116199854,-0.15007076058418875,0.1603283911912658,0.11548930600798085,-0.15227771345419702,-0.31280506760723337,-0.10383017390667379,-0.17896790222678993,-0.08052265688841061,0.01206785177562453,0.032408710371145906,0.04533392883203795,0.04193247715506289,0.18261054786892328,-0.038002544140575564,-0.05530017674819434,-0.018380586869749596,0.026761170584019257,-0.11065858907432422,0.035478066315819866,-0.16866687479985168,0.0051532536224457165,-0.048905412017734975,0.01460115168075613,0.009528977600288863,-0.048578121860002134,-0.0038461532221807856,non-eating
77,18.238514989035206,0.14665357839088441,-0.33464476017398853,-1.0130576416688348,-0.0120955596168725,0.35286814129657745,-0.2779069100172773,-0.1839304151205877,0.04908610936044837,-0.10564072078751469,-0.04809410465203349,-0.18472800132213735,-0.0237740263960991,-0.13754549052873352,0.06612229753923825,-0.050940307621294985,-0.0477536211437246,0.053349430368530855,-0.06008509248576832,0.06209778773800943,0.016507015414504767,-0.00836592278718237,-0.06758934565956277,0.039707682382227036,0.013769163323675239,-0.09330630883473731,-0.08863388830378437,-0.02280065059887695,0.0015581306751128996,-0.09063889480692594,non-eating
78,19.225936057655936,-0.7619753151435001,0.324851017825143,0.08841242785925908,-0.12669374627303254,-0.03814384870146237,-0.23597685060847004,-0.05988945919581255,-0.07261337847172844,0.028463845496759878,0.18552566414669738,0.01237367537829107,-0.10168335127038675,0.004376273066990378,0.09509428756311653,-0.057888849671278296,0.007075941806023657,0.002816655487079607,-0.08136823607418293,-0.011693604567475117,0.013329568933704142,0.007020789759341346,0.009753534550826929,0.02273846957876991,0.03637544142819825,-0.06483315121802953,-0.01638959044522135,0.017978127845207907,-0.025495262706677006,0.026327474202507656,non-eating
79,20.22738551315057,-0.9321482520325816,0.5119238806701685,0.24078093930305855,-0.012772087557679064,0.0006314075471631317,-0.03797847831252901,0.12881670510340912,-0.044743305949572605,0.000886509974450764,0.13444644393511396,-0.01240638545941374,-0.04932484191227562,-0.02385819231594823,0.04634209526827442,0.015227380440447226,0.04301520988798709,-0.004997009559253934,-0.1318976984259464,-0.025141059995774175,0.040013099714310205,0.04164831938028325,0.08273228734642268,-0.009519383264771674,0.025640852211358492,-0.0615233122797768,-0.014563070329910858,0.07426292558977432,-0.08198167050409694,-0.006341061354520871,non-eating
80,21.234999116550117,-0.6945278905230972,0.1651195646766607,-0.07942750390325383,0.11969880661513733,-0.10482429533808418,-0.08495308202956588,0.1019768928511878,0.11757746817512256,-0.13822814558954447,0.028648772458610142,-0.052523500569967574,0.057541986069505266,0.04617053605666392,0.15321044463366226,0.09044002620381063,0.04006974435038102,-0.08848826236985528,-0.027339657487943442,0.10043608968047228,0.03589721588810747,0.01455145419058325,-0.0032644025109509396,0.08240647762709329,-0.0007702105092358357,-0.034849799368508134,0.04061412266979469,0.03041275853848356,0.07075887274130702,-0.0770318560764245,non-eating
